카테고리,카테고리명,검색어,기사제목,언론사,정규언론사,게시일,RSS게시일,RSS요약,본문전문,본문글자수,본문추출방식,본문품질점수,본문품질사유,중요도점수,본문사용가능,본문정제적용,원래RSS링크,링크,랭킹점수,사건태그,사건단계,원문날짜,원문날짜출처,날짜검증결과,날짜후보수,대표선택점수,브리핑ID
자사_및_계열사_이슈,자사 및 계열사 이슈,카카오,"""CPO 퇴장 그리고 첫 파업 위기""…카카오 쇄신 `이중고`",디지털데일리,디지털데일리,"Thu, 28 May 2026 05:18:01 GMT","Thu, 28 May 2026 05:18:01 GMT","""CPO 퇴장 그리고 첫 파업 위기""…카카오 쇄신 `이중고` 디지털데일리","카카오 판교 아지트. [사진=디지털데일리] [디지털데일리 채성오기자] 카카오가 창사 이래 첫 본사 파업 가능성에 직면했다. 지난해 카카오톡 대개편을 주도했던 홍민택 최고제품책임자(CPO)의 퇴사 소식이 전해진 데 이어 본사 노사 간 임금교섭 조정까지 최종 결렬되면서 경영 쇄신과 조직 안정화 모두에 부담이 커지는 모습이다. 28일 정보기술(IT) 업계에 따르면, 카카오 노사는 지난 27일 오후 경기지방노동위원회에서 열린 2차 조정회의에서도 합의점을 찾지 못했다. 양측은 장시간 협상을 이어갔지만 성과급 보상 구조와 양도제한조건부주식(RSU) 산입 여부 등을 두고 이견을 좁히지 못했고 결국 조정 중지 결정을 받았다. 그간 노사는 지난해 영업이익의 일정 비율을 성과급으로 보상하는 방안과 500만원 규모 RSU를 성과급에 포함할지를 두고 입장을 달리해왔다. 이번 조정 중지로 카카오 본사 노조는 합법적 쟁의권을 확보했다. 이미 카카오엔터프라이즈, 카카오페이, 디케이테크인, 엑스엘게임즈 등 계열사 4곳도 조정 결렬로 쟁의권을 확보한 상태여서 본사와 계열사를 아우르는 공동 파업 가능성도 거론된다. ◆노조 ""숫자 아닌 신뢰의 문제"" 카카오 노조는 이날 입장문을 통해 ""(이번 조정 중지는) 단순한 숫자의 차이가 아니라 회사와 구성원 사이의 신뢰가 얼마나 무너져 있는지를 보여주는 결과""라고 규정했다. 노조 측은 임금 인상만을 요구한 것이 아니라 불투명한 성과보상 구조 개선, 회사 성장의 합리적 분배 기준 마련, 일방적 조직 운영으로 훼손된 신뢰 회복 장치를 요구해왔다고 설명했다. 전국화학섬유식품산업노동조합 카카오지회(카카오 노조) 조합원들이 5월20일 경기도 성남시 판교역 광장에서 '2026 임단협 승리 결의대회'를 열고 구호를 외치고 있다. [사진=연합뉴스] 노조는 회사가 장기간 교섭 과정에서 책임 있는 결단보다 수동적 대응으로 일관했다고 비판했다. 특히 교섭 중 일방적 성과급 지급, 수차례 교섭대표 변경, 불충분한 수정안 제시 등을 지적하며 “신뢰를 회복할 기회를 놓쳐온 회사가 만들어낸 결과”라고 주장했다. 이번 갈등은 단순한 임금협상 차원을 넘어 카카오의 경영 쇄신 논란과도 맞물리고 있다. 노조 측은 ""조정 진행 중 홍 CPO 퇴사 소식이 전해졌고 엑스엘게임즈에서는 정리해고 통보가 있었다""며 ""이런 사건들은 카카오에 경영쇄신이 필요하다는 것을 보여주는 대표적인 모습""이라고 지적했다. 또한 노조는 ""홍 CPO는 카카오톡 업데이트의 부정적인 논란과 노사관계에 있어서도 근로감독을 촉발시켰지만 아무런 해명도 하지 않다가 아무일 없다는 듯 사라졌다""며 ""이렇듯 카카오 공동체에는 유독 부정적인 경영진이 많았다""고 비판했다. ◆AI 전환 앞둔 카카오, 조직 리스크 확대 카카오 퇴사를 결정한 것으로 알려진 홍 CPO는 지난해 2월 카카오에 합류한 뒤 카카오톡 기반 기술·광고·커머스·디자인 등 핵심 역량을 CPO 조직으로 묶고, AI 서비스·개발 조직을 ‘카나나’로 단일화하는 체질 개선을 주도했다. 홍민택 카카오 최고제품책임자(CPO). [사진=디지털데일리] 그러나 지난해 9월 카카오톡 첫 화면을 피드형 친구 탭으로 바꾸고 숏폼 기능을 전면 배치한 대규모 개편은 이용자 반발을 불렀다. 이후 카카오는 기존 목록형 화면을 선택할 수 있도록 일부 기능을 되돌렸지만 신뢰 훼손 논란은 완전히 해소되지 않았다. 공교롭게도 카카오는 올해 AI 중심 서비스 고도화와 카카오톡 재정비를 본격화해야 하는 시점에 핵심 제품 책임자 이탈과 노사 갈등이라는 이중 부담을 안게 됐다. 카카오 본사 파업이 현실화될 경우 창사 이래 첫 사례가 된다. 노조는 ""대화 가능성을 완전히 닫지 않겠다""면서도 ""6월 파업투쟁을 본격적으로 준비하겠다""고 밝혔다. 이에 대해 카카오 측은 노조와의 합의를 위해 노력하겠다는 입장이다. 카카오 관계자는 ""회사는 조정 절차 이후에도 노조와의 대화 창구를 열어두고 합의를 위해 노력할 것""이라고 전했다. [디지털데일리 채성오기자] 카카오가 창사 이래 첫 본사 파업 가능성에 직면했다. 지난해 카카오톡 대개편을 주도했던 홍민택 최고제품책임자(CPO)의 퇴사 소식이 전해진 데 이어 본사 노사 간 임금교섭 조정까지 최종 결렬되면서 경영 쇄신과 조직 안정화 모두에 부담이 커지는 모습이다. 28일 정보기술(IT) 업계에 따르면, 카카오 노사는 지난 27일 오후 경기지방노동위원회에서 열린 2차 조정회의에서도 합의점을 찾지 못했다. 양측은 장시간 협상을 이어갔지만 성과급 보상 구조와 양도제한조건부주식(RSU) 산입 여부 등을 두고 이견을 좁히지 못했고 결국 조정 중지 결정을 받았다. 그간 노사는 지난해 영업이익의 일정 비율을 성과급으로 보상하는 방안과 500만원 규모 RSU를 성과급에 포함할지를 두고 입장을 달리해왔다. 이번 조정 중지로 카카오 본사 노조는 합법적 쟁의권을 확보했다. 이미 카카오엔터프라이즈, 카카오페이, 디케이테크인, 엑스엘게임즈 등 계열사 4곳도 조정 결렬로 쟁의권을 확보한 상태여서 본사와 계열사를 아우르는 공동 파업 가능성도 거론된다. ◆노조 ""숫자 아닌 신뢰의 문제"" 카카오 노조는 이날 입장문을 통해 ""(이번 조정 중지는) 단순한 숫자의 차이가 아니라 회사와 구성원 사이의 신뢰가 얼마나 무너져 있는지를 보여주는 결과""라고 규정했다. 노조 측은 임금 인상만을 요구한 것이 아니라 불투명한 성과보상 구조 개선, 회사 성장의 합리적 분배 기준 마련, 일방적 조직 운영으로 훼손된 신뢰 회복 장치를 요구해왔다고 설명했다. 전국화학섬유식품산업노동조합 카카오지회(카카오 노조) 조합원들이 5월20일 경기도 성남시 판교역 광장에서 '2026 임단협 승리 결의대회'를 열고 구호를 외치고 있다. [사진=연합뉴스] 노조는 회사가 장기간 교섭 과정에서 책임 있는 결단보다 수동적 대응으로 일관했다고 비판했다. 특히 교섭 중 일방적 성과급 지급, 수차례 교섭대표 변경, 불충분한 수정안 제시 등을 지적하며 “신뢰를 회복할 기회를 놓쳐온 회사가 만들어낸 결과”라고 주장했다. 이번 갈등은 단순한 임금협상 차원을 넘어 카카오의 경영 쇄신 논란과도 맞물리고 있다. 노조 측은 ""조정 진행 중 홍 CPO 퇴사 소식이 전해졌고 엑스엘게임즈에서는 정리해고 통보가 있었다""며 ""이런 사건들은 카카오에 경영쇄신이 필요하다는 것을 보여주는 대표적인 모습""이라고 지적했다. 또한 노조는 ""홍 CPO는 카카오톡 업데이트의 부정적인 논란과 노사관계에 있어서도 근로감독을 촉발시켰지만 아무런 해명도 하지 않다가 아무일 없다는 듯 사라졌다""며 ""이렇듯 카카오 공동체에는 유독 부정적인 경영진이 많았다""고 비판했다. ◆AI 전환 앞둔 카카오, 조직 리스크 확대 카카오 퇴사를 결정한 것으로 알려진 홍 CPO는 지난해 2월 카카오에 합류한 뒤 카카오톡 기반 기술·광고·커머스·디자인 등 핵심 역량을 CPO 조직으로 묶고, AI 서비스·개발 조직을 ‘카나나’로 단일화하는 체질 개선을 주도했다. 홍민택 카카오 최고제품책임자(CPO). [사진=디지털데일리] 그러나 지난해 9월 카카오톡 첫 화면을 피드형 친구 탭으로 바꾸고 숏폼 기능을 전면 배치한 대규모 개편은 이용자 반발을 불렀다. 이후 카카오는 기존 목록형 화면을 선택할 수 있도록 일부 기능을 되돌렸지만 신뢰 훼손 논란은 완전히 해소되지 않았다. 공교롭게도 카카오는 올해 AI 중심 서비스 고도화와 카카오톡 재정비를 본격화해야 하는 시점에 핵심 제품 책임자 이탈과 노사 갈등이라는 이중 부담을 안게 됐다. 카카오 본사 파업이 현실화될 경우 창사 이래 첫 사례가 된다. 노조는 ""대화 가능성을 완전히 닫지 않겠다""면서도 ""6월 파업투쟁을 본격적으로 준비하겠다""고 밝혔다. 이에 대해 카카오 측은 노조와의 합의를 위해 노력하겠다는 입장이다. 카카오 관계자는 ""회사는 조정 절차 이후에도 노조와의 대화 창구를 열어두고 합의를 위해 노력할 것""이라고 전했다. 채성오 기자 cs86@ddaily.co.kr 기자의 전체기사 보기",3846,bs4_selector,68.0,good,133.5,True,False,https://news.google.com/rss/articles/CBMiZEFVX3lxTFB5Y0JjQUxTWDNYLUtyRUd6cEhPVm53SE4yQVRyMnZtQTJTQ2toSFpXaHI0allYdUVfcFVIMk1Bak9FSXRuQjNDZEFsN2lxRDBFVXhyRUZ4T3NFNDlhcU1WWFRxTlQ?oc=5,https://www.ddaily.co.kr/page/view/2026052811383247676,83.0,"ai_agent,earnings,executive_change,labor_dispute,labor_law_complaint,search_ads,service_reform_backlash",labor_mediation_meeting,2026-05-28,meta:pubdate,original_date_recent,8,216.65,1
자사_및_계열사_이슈,자사 및 계열사 이슈,카카오 김범수,"두나무 지분 판 카카오, 득일까 실일까…스테이블코인 셈법은",네이트,네이트,"Thu, 28 May 2026 07:19:00 GMT","Thu, 28 May 2026 07:19:00 GMT","두나무 지분 판 카카오, 득일까 실일까…스테이블코인 셈법은 네이트","/챗GPT 의 도움을 받아 제작한 그래픽입니다. 수십억 투자해 2조원대 회수 /생성형 AI(제미나이)의 도움을 받아 시각화하고 기자가 최종 검토·확인 과정을 거쳐 제작한 그래픽입니다. 그래픽에 포함된 데이터와 내용은 기자가 직접 취재한 결과물입니다. AI 재원 확보 택한 카카오 /생성형 AI(제미나이)의 도움을 받아 시각화하고 기자가 최종 검토·확인 과정을 거쳐 제작한 그래픽입니다. 그래픽에 포함된 데이터와 내용은 기자가 직접 취재한 결과물입니다. 남은 카드는 페이·뱅크·톡 카카오는 두나무 지분을 팔아 2조원대 투자 회수에 성공했다. 수십억원대 초기 투자로 국내 최대 가상자산거래소의 성장 과실을 거둔 셈이다. 다만 이번 매각은 원화 스테이블코인 등 가상자산 인프라를 둘러싼 금융권 경쟁이 본격화되는 시점에 이뤄졌다.카카오는 인공지능(AI) 등 미래 성장사업 재원을 확보했지만 두나무와의 자본 연결고리는 상당 부분 낮췄다. 이에 카카오페이·카카오뱅크·카카오톡 기반 스테이블코인 실사용 생태계를 얼마나 빠르게 구축하느냐가 관건으로 꼽힌다.카카오와 두나무의 인연은 2013년으로 거슬러 올라간다. 당시 김범수 이사회 의장과 임지훈 대표가 설립한 엔젤형 벤처캐피탈 케이큐브벤처스 현 카카오벤처스는 두나무에 2억원을 투자했다. 두나무는 당시 가상자산거래소가 아니라 뉴스 큐레이션 서비스 '뉴스메이트'를 운영하던 초기 스타트업이었다. 2015년에는 카카오가 두나무에 33억원을 추가 투자하며 지분을 확대했다.두나무는 2017년 가상자산거래소 업비트를 출시하며 성장 궤도에 올랐다. 국내 가상자산 시장이 커지면서 두나무의 기업가치도 급격히 높아졌다. 카카오 입장에서는 재무적 투자로 시작한 두나무 지분이 대형 비상장 투자자산으로 바뀐 셈이다.회수는 올해 들어 본격화됐다. 카카오인베스트먼트는 이달 15일 두나무 주식 228만4000주를 하나은행에 1조325억원에 처분한다고 공시했다. 처분 후 카카오인베스트먼트의 두나무 보유 주식은 140만6050주, 지분율은 4.03%로 낮아졌다. 처분 목적은 '미래 투자재원 확보'였다.이어 20일에는 한화투자증권이 카카오인베스트먼트 보유 두나무 주식 136만1050주를 5978억원에 취득한다고 공시했다. 이 거래까지 반영하면 카카오인베스트먼트의 두나무 보유 주식은 4만5000주, 지분율은 0.13%로 줄어든다. 카카오인베스트먼트가 직접 보유한 두나무 지분은 사실상 대부분 정리된 구조다.28일에는 삼성증권과 삼성SDS, 삼성카드가 두나무 지분 4.0%에 해당하는 주식 139만주를 6128억원에 취득한다고 밝혔다. 삼성증권 공시에 따르면 삼성증권이 취득하는 두나무 구주 69만7487주는 카카오인베스트먼트, 카카오벤처스, 카카오 청년창업펀드, KIF-카카오 우리은행 기술금융투자펀드가 보유한 물량이다.거래 가격은 세 차례 모두 비슷하다. 하나은행은 228만4000주를 1조325억원에, 한화투자증권은 136만1050주를 5978억원에, 삼성증권은 69만7487주를 3064억원에 각각 취득했다. 주당 가격은 모두 43만9000원대다. 카카오 계열과 관련 펀드가 보유한 두나무 구주가 같은 가격대를 기준으로 순차 매각된 구조로 읽힌다.카카오인베스트먼트 직접 매각분만 하나은행과 한화투자증권 거래를 합쳐 1조6000억원대다. 여기에 카카오벤처스와 카카오 관련 펀드 보유분이 포함된 삼성 3사 거래 6128억원까지 더하면 카카오 계열·관련 투자 구조에서 나온 두나무 지분 매각 규모는 2조2000억원대를 넘어선다. 2013년 케이큐브벤처스의 초기 투자금 2억원과 2015년 카카오의 추가 투자금 33억원 등 공개적으로 확인되는 초기 투자금 35억원과 비교하면 회수 규모는 640배를 웃도는 수준이다.카카오가 밝힌 매각 배경은 투자재원 확보다. AI 사업 성장에 속도를 내고 미래가치 제고를 위한 투자에 나서기 위해 재원 마련한다는 취지다.이는 카카오의 전략 우선순위가 달라졌다는 의미이기도 하다. AI는 카카오가 그룹 차원에서 경쟁력을 다시 세워야 하는 핵심 축이다. 카카오가 두나무 지분을 계속 보유하기보다 AI와 미래 성장사업에 투입할 현금을 확보하는 선택을 한 배경이다.가상자산사업자 대주주 심사가 강화되는 흐름도 변수다. 두나무 지분율을 낮추면 카카오는 대규모 투자재원 확보와 함께 가상자산사업자에 대한 직접 지분 노출도 줄일 수 있다. 재무적 실익과 규제 부담 완화라는 측면에서는 매각의 명분이 분명하다.다만 카카오가 내려놓은 것은 단순한 비상장 주식만은 아니다. 원화 스테이블코인과 토큰증권이 제도권 금융의 인프라 경쟁으로 번지는 시점에 두나무라는 거래소·블록체인 사업자와의 지분 연계성을 축소한 것이다. 두나무 지분을 인수한 하나은행, 한화투자증권, 삼성증권·삼성SDS·삼성카드는 각각 디지털금융, 토큰증권, 스테이블코인 결제·유통 생태계와의 연결 가능성을 내세우고 있다.카카오 입장에서는 확정된 현금을 얻었다. 대신 두나무와의 자본 연결고리는 약해졌다. 이 때문에 이번 거래는 재무적으로는 득이지만 전략적으로는 향후 스테이블코인 시장에서 카카오가 어떤 위치를 차지하느냐에 따라 평가가 달라질 수 있다.카카오가 두나무 지분을 줄였다고 해서 가상자산 사업에서 물러났다고 보기는 어렵다. 카카오는 두나무 지분 매각과 별개로 자체 스테이블코인 사업 기회를 살피고 있다. 카카오는 카카오·카카오페이·카카오뱅크를 중심으로 스테이블코인 태스크포스(TF)를 꾸려 사업 기회를 찾고 있다.카카오페이도 스테이블코인 제도화 가능성에 대비한 움직임을 보였다. 카카오페이는 지난해 원화 기반 스테이블코인으로 읽힐 수 있는 상표권을 출원했다. 지정상품에는 금융서비스와 정보기술(IT), 소프트웨어 개발 관련 서비스가 포함됐다. 카카오페이 측은 당시 스테이블코인 법제화 전인 만큼 구체적 계획은 정해지지 않았지만 선제적으로 상표권을 출원한 것이라는 취지로 설명했다.카카오의 강점은 거래소보다 이용자 접점에 있다. 카카오톡과 카카오페이, 카카오뱅크, 커머스와 콘텐츠 결제망은 스테이블코인이 실제로 쓰일 수 있는 서비스 기반이다. 원화 스테이블코인이 제도화될 경우 승부처는 발행과 거래뿐 아니라 어디에서 얼마나 자주 쓰이느냐다. 4000만명대 가입자 기반을 가진 카카오페이와 국민 메신저 카카오톡은 스테이블코인 결제·송금 서비스가 대중화될 때 강력한 유통 채널이 될 수 있다.즉 카카오는 두나무 지분을 통한 간접 노출은 줄이고 카카오페이와 카카오톡, 카카오뱅크를 묶은 실사용 생태계에서 기회를 찾겠다는 계산으로 풀이된다. 다만 원화 스테이블코인 시장에서 거래소와 금융사가 주도권을 잡는다면 카카오는 두나무 지분을 너무 일찍 내려놓았다는 평가를 받을 수도 있다.카카오도 두나무 지분 매각과 스테이블코인 사업 검토를 별개 흐름으로 보고 있다. 카카오 관계자는 ""카카오·카카오페이·카카오뱅크가 스테이블코인 태스크포스(TF)를 구성해 사업기회를 찾고 있다""며 ""법제화 이후 사업 기반이 갖춰지면 국내에서 빠르게 관련 인프라를 구축할 수 있을 것으로 기대하고 있다""고 말했다.",3406,newspaper3k,66.0,good,93.5,True,False,https://news.google.com/rss/articles/CBMiU0FVX3lxTE45RlkwQ25tV2lZLWF0a3gtU0p3OVIxQUZDaXVxRmZtZ2tzeUZWdVVRenYwelVXSDhjTHl4ajVjVzBSSHJ3Y0ZTUGZJVDJQZTBsaVcw?oc=5,https://news.nate.com/view/20260528n28002,79.0,"ai_agent,dunamu_stake,kim_beomsoo_trial,stablecoin",dunamu_stake_sale,2026-05-28,url_date,original_date_recent,2,169.85,2
자사_및_계열사_이슈,자사 및 계열사 이슈,카카오,"카카오, 창사 20년 만에 첫 파업 나오나…노조 ""내달 파업 본격 준비""(종합2보)",뉴시스,뉴시스,"Wed, 27 May 2026 14:49:33 GMT","Wed, 27 May 2026 14:49:33 GMT","카카오, 창사 20년 만에 첫 파업 나오나…노조 ""내달 파업 본격 준비""(종합2보) 뉴시스","카카오, 창사 20년 만에 첫 파업 나오나…노조 ""내달 파업 본격 준비""(종합2보) 기사등록 2026/05/27 23:45:31 최종수정 2026/05/28 05:11:59 경기지노위 2차 조정 중지…카카오 본사 노조 쟁의권 확보 8시간 협의에도 성과급·임금 이견 못 좁혀…노조 ""6월 파업 준비"" 조직 운영 논란 속 홍민택 CPO 사의…노조 ""문제 해결 없이 사라져"" 카카오페이 등 계열사 4곳도 파업 장전…'그룹 공동 총파업' 먹구름 [수원=뉴시스] 홍효식 기자 = 서승욱 카카오 노조 지회장이 27일 오후 경기도 수원시 영통구 경기지방노동위원회에서 열린 노사 2차 조정회의에 참석하고 있다. 2026.05.27. yesphoto@newsis.com [서울=뉴시스]윤정민 기자 = 카카오 본사 노사가 노동위원회 2차 조정에서도 합의점을 찾지 못했다. 쟁의권을 확보한 카카오 본사 노조는 다음 달 파업을 진행할 계획이라고 말했다. 민주노총 전국화학섬유식품산업노동조합 카카오지회(크루유니언, 이하 '노조')는 27일 오후 11시께 경기 수원시 경기지방노동위원회에서 2차 조정 중지 결정 직후 입장을 내고 이같이 밝혔다. 경기지노위는 이날 오후 3시 카카오 노동쟁의 조정신청 사건에 대한 2차 조정 회의를 진행했다. 하지만 8시간 협의 끝에 노사 간 합의점을 찾지 못하면서 조정 중지 결정을 내렸다. 서승욱 카카오지회장은 ""2026년 카카오 임금협약은 최종 조정 중단됐다. 카카오지회는 화섬식품노조와 함께 이후 6월 파업을 본격적으로 준비할 예정""이라며 ""구체적인 파업 투쟁 일정은 별도 채널을 통해 말하겠다""고 전했다. 카카오 본사에서 실제 파업이 이뤄질 경우 2006년 창사(카카오 전신 '아이위랩' 설립일 기준) 이래 첫 사례가 된다. 카카오 그룹에서는 지난해 카카오모빌리티가 부분 파업에 나선 적이 있으나 본사 노조가 직접 파업을 벌인 적은 없다. [수원=뉴시스] 홍효식 기자 = 27일 경기 수원시 영통구 경기지방노동위원회에서 카카오 노사 2차 조정회의가 시작되고 있다. 이날 열린 2차 조정회의 결과에 따라 카카오를 포함한 법인 5곳이 모두 파업을 선언할 경우, 각 법인의 사상 첫 파업과 동시에 창사 이래 첫 공동 파업이 된다. (공동취재) 2026.05.27. photo@newsis.com 카카오 노사 양측은 임금 인상률과 성과 보상 체계 등을 놓고 협의를 이어갔으나 끝내 접점을 찾지 못했다. 노조는 성과급 산정 기준의 투명화와 공정한 이익 분배, 임금 인상 등을 요구해 왔다. 이번 조정에서는 최근 삼성전자 노사 갈등에서도 쟁점이 된 영업이익 연동 성과급 배분 방식과 500만원 상당의 양도제한조건부주식(RSU)을 성과급에 포함할 수 있는지 여부도 주요 쟁점으로 거론된 것으로 전해졌다. 다만 서 지회장은 성과급 1000만원, RSU 포함 여부 등 구체적 수치와 조건에 대해 공유하기 어렵다면서도 ""수치로 접근한 부분은 거의 없다고 말할 수 있다""고 강조했다. ◆'카톡 개편 논란' 홍민택 CPO 사의에 노조 ""문제 해결 없이 사라져"" [용인=뉴시스] 홍민택 카카오 최고제품책임자(CPO)가 23일 오전 경기 용인시 카카오AI캠퍼스에서 열린 '이프카카오 25'에서 기조연설하고 있다. 2025.09.23. (사진=카카오 제공) 서 지회장은 조정 결렬 이후 이견이 컸던 부분에 대해 ""전반적인 쟁점이 계속 남아 있었다""며 ""제일 중요한 건 노사 간 신뢰를 회복하는 문제이고 기존에 있던 문제점을 인정하고 개선해 나가는 과정""이라고 말했다. 특히 그는 카카오톡 등 서비스 사업을 총괄하는 홍민택 카카오 최고제품책임자(CPO)의 사의 소식을 언급했다. 홍 CPO가 이끌던 조직에서 앞서 장시간 근로와 조직 운영 방식 등을 둘러싼 논란이 제기된 바 있다. 홍 CPO는 지난해 카카오톡 개편 논란의 중심에 섰던 인물로 조만간 카카오를 퇴사할 예정인 것으로 알려졌다. 서 지회장은 ""CPO가 퇴진했지만 아무런 해명도 없이 기존 문제에 대한 언급 없이 사라졌다""며 ""카카오는 유독 경영진이 사라지는 경우가 굉장히 많았다. 그렇기 때문에 문제점이 구체적으로 해결되지 못했다고 생각한다""고 말했다. 또 ""지금 카카오는 여러 고용 불안뿐만 아니라 근로감독도 진행 중""이라며 ""근로감독 문제에 있어서도 명확히 어떤 것이 문제였는지, 앞으로 어떻게 해결해 나가야 하는지를 노동조합과 함께 이야기해서 개선해 나갔으면 좋겠다""고 전했다. ◆본사 첫 파업 기로…계열사 포함 총파업 우려 [성남=뉴시스] 김명년 기자 = 전국화학섬유식품산업노동조합 카카오지회 조합원들이 20일 경기 성남시 판교역 광장에서 결의대회를 열고 구호를 외치고 있다. 2026.05.20. kmn@newsis.com 본사 노조가 쟁의권을 확보한 가운데 카카오페이, 카카오엔터프라이즈, 디케이테크인, 엑스엘게임즈 등 계열사 4곳도 파업 등 쟁의행위가 가능한 상태다. 이에 카카오 노사 갈등은 공동 파업으로 이어질 가능성이 커졌다. 다만 노사 간 추가 대화 가능성은 남아 있다. 서 지회장도 ""대화의 채널은 언제나 열어두고 있다""고 말했다. 하지만 그는 ""대화의 창구는 열어두지만 이제는 더 이상 기다리는 것으로 된다고 생각하지 않는다""며 ""카카오의 문제를 해결하기 위해 본격적인 행동을 해야 할 시기라고 생각한다""고 강조했다. 만약 본사 파업이 벌어질 경우 적지 않은 파장이 예상된다. 카카오톡을 중심으로 인공지능(AI) 서비스 전환과 사업 구조 재편에 속도를 내고 있는 상황에서 노사 갈등이 장기화할 경우 조직 안정성과 대외 신뢰도에도 부담으로 작용할 수 있다는 관측이 나온다. 카카오 측은 ""조정 절차 이후에도 노동조합과의 대화 창구를 열어두고 합의를 위해 노력하겠다""고 밝혔다. 또 향후 파업이 카카오톡 등 서비스에 미칠 영향에 대해 ""어떠한 상황에서도 서비스 안정성을 유지하고 고객 영향을 최소화할 수 있도록 비상 대응 체계를 갖춰 나갈 계획""이라고 말했다. ◎공감언론 뉴시스 alpaca@newsis.com",2898,bs4_selector,68.0,good,130.0,True,True,https://news.google.com/rss/articles/CBMieEFVX3lxTE82OVhTUjhRLXE5a3ZmV0Z5RjRWR0JMSDQ1WnhTN3hIWExTVWZEWVF5ZGVvRlBtVWJKQjR1NkVuY3dHRWxDYVNTUUVGSXhJT0ZYRXlFOURhTnJVQVB1WU8yWXZvNkxYV2VWZUpHUFB1anFma2NFcGRxUdIBeEFVX3lxTE82OVhTUjhRLXE5a3ZmV0Z5RjRWR0JMSDQ1WnhTN3hIWExTVWZEWVF5ZGVvRlBtVWJKQjR1NkVuY3dHRWxDYVNTUUVGSXhJT0ZYRXlFOURhTnJVQVB1WU8yWXZvNkxYV2VWZUpHUFB1anFma2NFcGRxUQ?oc=5,https://mobile.newsis.com/view_amp.html?ar_id=NISX20260527_0003646551,76.0,"earnings,executive_change,labor_dispute,labor_law_complaint,service_reform_backlash",labor_mediation_meeting,2026-05-27,url_date,original_date_recent,10,216.2,3
자사_및_계열사_이슈,자사 및 계열사 이슈,카카오,'카톡 개편' 홍민택 카카오 CPO 퇴사…'친구탭 논란' 8개월여 만,뉴스1,뉴스1,"Wed, 27 May 2026 08:12:42 GMT","Wed, 27 May 2026 08:12:42 GMT",'카톡 개편' 홍민택 카카오 CPO 퇴사…'친구탭 논란' 8개월여 만 뉴스1,"'카톡 개편' 홍민택 카카오 CPO 퇴사…'친구탭 논란' 8개월여 만 지난해 2월 카카오 합류…9월 카카오톡 대개편에 이용자 반발 3월 주총서도 홍 CPO 책임론 도마 위 신은빈 기자 2026.05.27 오후 05:12 지난해 2월 카카오 합류…9월 카카오톡 대개편에 이용자 반발 3월 주총서도 홍 CPO 책임론 도마 위 (서울=뉴스1) 신은빈 기자 = 지난해 카카오톡 개편을 주도한 홍민택 카카오(035720) 최고제품책임자(CPO)가 퇴사 수순을 밟는 것으로 파악됐다. 카카오에 합류한 지 1년 3개월여 만, 카카오톡 개편으로 거센 반발을 산 지 약 8개월 만이다. 27일 정보기술(IT) 업계에 따르면 홍 CPO는 이날 소속 부서장들에게 퇴사의 뜻을 밝힌 것으로 알려졌다. 홍 CPO는 28일부터 휴가를 쓴 뒤 퇴사할 예정으로 파악됐다. 홍 CPO는 토스뱅크 최고경영자(CEO) 출신으로, 지난해 2월 카카오에 합류해 '빅뱅 프로젝트'란 이름으로 카카오톡의 사용자 인터페이스(UI)와 기능 개편 작업을 추진했다. 하지만 그해 9월 카카오톡 첫 화면인 '친구' 탭을 인스타그램과 유사한 피드 형식으로 바꾸면서 이용자들의 거센 반발에 부딪혔다. 구글 플레이스토어 내 카카오톡 애플리케이션(앱) 평점은 최저점인 1.0점까지 추락했고, 홍 CPO를 희화화한 인공지능(AI) 제작 풍자 영상까지 유행했다. 이에 카카오는 지난해 12월 친구 탭을 기존 전화번호부 목록 방식으로 되돌리고 '소식' 탭을 신설해 피드형 목록도 선택할 수 있도록 업데이트했다. 다만 일부 이용자를 대상으로 소식 탭이 먼저 노출돼 피드 게시물이 강제 노출된다는 지적을 받고 있다. 홍 CPO의 거취와 카카오톡 개편 책임을 묻는 질타는 3월 카카오 정기 주주총회에서도 이어졌다. 업계에서는 홍 CPO의 이번 퇴사에 지난해 진행된 카카오톡 대개편 논란이 상당한 영향을 미쳤을 것이란 추측이 나오고 있다. 한편 제품 조직 리더십이 바뀌는 만큼 향후 카카오톡 서비스에도 어떤 변화가 있을지 관심이 쏠리고 있다. bean@news1.kr (서울=뉴스1) 신은빈 기자 = 지난해 카카오톡 개편을 주도한 홍민택 카카오(035720) 최고제품책임자(CPO)가 퇴사 수순을 밟는 것으로 파악됐다. 카카오에 합류한 지 1년 3개월여 만, 카카오톡 개편으로 거센 반발을 산 지 약 8개월 만이다. 27일 정보기술(IT) 업계에 따르면 홍 CPO는 이날 소속 부서장들에게 퇴사의 뜻을 밝힌 것으로 알려졌다. 홍 CPO는 28일부터 휴가를 쓴 뒤 퇴사할 예정으로 파악됐다. 홍 CPO는 토스뱅크 최고경영자(CEO) 출신으로, 지난해 2월 카카오에 합류해 '빅뱅 프로젝트'란 이름으로 카카오톡의 사용자 인터페이스(UI)와 기능 개편 작업을 추진했다. 하지만 그해 9월 카카오톡 첫 화면인 '친구' 탭을 인스타그램과 유사한 피드 형식으로 바꾸면서 이용자들의 거센 반발에 부딪혔다. 구글 플레이스토어 내 카카오톡 애플리케이션(앱) 평점은 최저점인 1.0점까지 추락했고, 홍 CPO를 희화화한 인공지능(AI) 제작 풍자 영상까지 유행했다. 이에 카카오는 지난해 12월 친구 탭을 기존 전화번호부 목록 방식으로 되돌리고 '소식' 탭을 신설해 피드형 목록도 선택할 수 있도록 업데이트했다. 다만 일부 이용자를 대상으로 소식 탭이 먼저 노출돼 피드 게시물이 강제 노출된다는 지적을 받고 있다. 홍 CPO의 거취와 카카오톡 개편 책임을 묻는 질타는 3월 카카오 정기 주주총회에서도 이어졌다. 업계에서는 홍 CPO의 이번 퇴사에 지난해 진행된 카카오톡 대개편 논란이 상당한 영향을 미쳤을 것이란 추측이 나오고 있다. 한편 제품 조직 리더십이 바뀌는 만큼 향후 카카오톡 서비스에도 어떤 변화가 있을지 관심이 쏠리고 있다.",1819,bs4_selector,68.0,good,77.0,True,False,https://news.google.com/rss/articles/CBMiZEFVX3lxTE42Vmx2OG1fckg3REhiQm1PRERCMXdqa0VQWFFpMWVGLVBPV2JnNm0xaWhrcWNZamZzOGYtWnJNbmkwMTAtVTlGSmZaUE1sdjgwQjczWDhxdnFwQmxhSWZOaE9nZU8?oc=5,https://www.news1.kr/amp/it-science/general-it/6179352,76.0,"executive_change,service_reform_backlash",executive_change,2026-05-27,json_ld:datePublished,original_date_recent,5,179.1,4
자사_및_계열사_이슈,자사 및 계열사 이슈,카카오,삼성증권마저 두나무 주주 합류...카카오는 계열사까지 지분 매각,테크M,테크M,"Thu, 28 May 2026 07:54:55 GMT","Thu, 28 May 2026 07:54:55 GMT",삼성증권마저 두나무 주주 합류...카카오는 계열사까지 지분 매각 테크M,"하나금융, 취약계층·소상공인에 3조 푼다...2000억 규모 연체채권도 소각 하나금융그룹이 취약계층과 소상공인을 대상으로 한 포용금융 로드맵을 본격 가동한다. 중·저신용자와 소상공인에게 총 3조원 규모의 특화 금융을 공급하고, 장기 연체채권 2000억원을 ... 2026-05-28 삼성증권마저 두나무 주주 합류...카카오는 계열사까지 지분 매각 전통 금융권이 연이어 가상자산거래소 운영사 두나무 지분 인수에 나섰다. 하나금융지주를 시작으로 한화투자증권이 보유 지분을 확대했고, 삼성증권은 또한 삼성에스디에스(삼성SDS), 삼... 2026-05-28 [테크M 트렌드] ""무신사 갔다가, 올리브영 가자""…'올다무' 3사 몸값만 수십조, 유통 지형 바꾸다 주말 오후 홍대·성수·명동 핵심 상권의 공통점이 있다. 올리브영·다이소·무신사 세 곳이 나란히 붙어있다. 뷰티템을 고르고 다이소에서 생필품을 담은 뒤 무신사 스탠다드에서 옷을 입어... 2026-05-28 금융위, '포용금융 전략추진단' 본격 가동…6월 현장 대토론회로 시작 금융위원회가 포용금융 제도화에 본격적으로 속도를 낸다. 당국은 이벤트가 아닌 구조적 변화 임을 시사하고, 포용금융을 주요 정책으로 밀고 가겠다는 의지를 드러냈다. 금융위는 28일 ... 2026-05-28 '독파모' 경험에 240억 자금 수혈까지...모티프, 수익성 제고에 '한걸음 더' AI 기업 모티프테크놀로지스가 240억원 규모의 시리즈B 투자를 유치하며 체급을 키우고 있다. 정부 '독자 AI 파운데이션 모델' 사업에 참여해 기술력을 알린 데 이어 외부 자금까... 2026-05-28 ""콘텐츠 보며 '쇼핑'까지""...웨이브, 콘텐츠 차별화 전략 승부수 온라인 동영상 서비스(OTT) 웨이브가 생중계 및 VOD 서비스의 차별화를 위해 기존 콘텐츠에 커머스 기능을 결합했다. 이용자들이 콘텐츠를 즐기면서 자연스럽게 구매 경험까지 할 수... 2026-05-28 복지부 '비대면 탈모약 처방 7일 제한' 추진…탈모환자 ""대통령 공약 정면 충돌"" 반발 보건복지부가 비대면진료 처방일수를 7일 미만으로 제한하는 시행령을 추진 중인 것으로 알려지면서 비대면 의료업계 뿐 아니라 일반 환자들의 반발도 거세다. 평균 90일 이상의 장기처방... 2026-05-28 한국투자증권·OKX 참전...코인원 지분 인수 협상 '초읽기' 국내 가상자산거래소 업계에 지각변동 조짐이 감지되고 있다. 한국투자증권과 가상자산거래소 오케이엑스(OKX)가 코인원 지분 매입을 두고 막판 조율에 돌입하면서다. 단 차명훈 코인원 ... 2026-05-28 '파업' 기로에 서 있는 카카오...정신아 ""불확실성 해소 못해 송구"" 정신아 카카오 대표가 카카오노조의 파업 돌입 예고로 혼란스러워진 내부 결속 다지기에 힘을 쏟고 있다. 경영 쇄신을 위한 조직 개편을 단행하며 조직 안정화에 나서는 모습이다. 그러면... 2026-05-28 [글로벌] 퀄컴, 바이트댄스에 AI 데이터센터용 ASIC 공급 계약 퀄컴이 틱톡 운영사 바이트댄스에 인공지능(AI) 데이터센터용 주문형 반도체(ASIC)를 공급하는 계약을 맺었습니다. 스마트폰 칩 시장에 머물던 퀄컴이 AI 인프라 시장으로 영역을 ... 2026-05-28 [글로벌] 우버보다 싼 웨이모 로보택시...도심 가격 경쟁 본격화 자율주행 로보택시 선두 주자 웨이모가 도심 구간에서 우버보다 저렴한 요금을 제시하며 본격적인 가격 경쟁에 뛰어들었습니다.지난 25일(현지시간) 샌프란시스코에서 직접 비교한 결과, ... 2026-05-28 [글로벌] 中 CXMT, 상하이 증시 상장심사 돌입...중국 메모리 굴기 가속 중국 최대 D램 업체 창신메모리테크놀로지(CXMT)가 중국 증시 상장 절차에 본격 돌입합니다. 중국 정부의 '메모리 반도체 자립 전략'도 한층 속도를 낼 전망입니다.지난 26일 업... 2026-05-28 [테크M 이슈] 두나무 이사회가 새 단장한 이유는...AI·글로벌 확장 힘준다 가상자산거래소 업비트 운영사 두나무가 4년 만에 이사회 재편이라는 카드를 꺼냈다. 한국 시장을 넘어 해외로 사업 영역을 확대하고 미래 먹거리로 점찍은 인공지능(AI)에서의 역량을 ... 2026-05-28 ""AI 품질, 콘텐츠가 결정"" 네이버, 콘텐츠·데이터 생태계 강화 승부수...'네이버 메이트' 출격 네이버가 인공지능(AI) 시대 차별화된 경쟁 방안으로 콘텐츠와 데이터를 제시했다. 이를 강화할 수 있는 지원책으로 'AI메이트'를 선보이는 동시에 AI브리핑과 AI탭 등 AI검색 ... 2026-05-28 롯데그룹, 실적 반등에도 구조조정 고삐...저효율 줄이고 미래사업 키운다 롯데그룹이 1분기 실적 반등을 발판으로 구조조정과 신사업 육성에 속도를 낸다. 식품·유통·화학·호텔 등 핵심 사업군의 수익성이 개선된 가운데, 비핵심 자산 효율화와 바이오·전지 소... 2026-05-28 은행권, BIS '아고라 프로젝트' 참여...국경 간 지급결제 새 판 짠다 국내 주요 은행들이 국제결제은행(BIS)이 주도하는 글로벌 지급결제 인프라 검증에 속도를 내고 있다. 기존 국제송금과 국가 간 거액 결제에서 반복돼 온 처리 지연, 높은 수수료, ... 2026-05-28 삼성전자·삼성D·LG전자·LGD, 차세대 디스플레이 시장 '격돌' 삼성디스플레이와 LG디스플레이가 유기발광모니터(OLED) 시장에서 격돌했다. OLED 모니터는 소비 심리 둔화와 원가 상승 압박에도 불구 전년동기대비 성장세를 유지 중이다. 양사는... 2026-05-28 '30살 국민게임' 포트리스의 귀환...레트로 감성으로 3040 향수 깨운다 2000년대 초반 PC 온라인 게임 시장을 휩쓸며 국민게임으로 불렸던 포트리스가 30주년을 기념해 '포트리스3 블루'로 돌아왔다. 원작의 감성을 현대적으로 재해석해 당시 게임을 즐... 2026-05-28 LG유플러스, 요금제 '심플'하게 개편...LTE-5G 통합하고 전 요금제 안심옵션 적용 LG유플러스가 복잡했던 기존 요금제를 단순하게 개편한다. 지난해부터 추진해온 '심플리' 전략의 일환이다. LTE와 5G를 구분하지 않고 통합한다. 기존 53개 요금제가 18개로 준... 2026-05-28 IMA 1·2호 완판에 3호까지…미래에셋증권, '질 중심' 전략으로 IMA 시장 주도 미래에셋증권이 종합투자계좌(IMA) 시장에서 남다른 성과를 이어가고 있어 주목된다. 28일 금융투자업계에 따르면 미래에셋증권은 지난 26일 세 번째 IMA 상품인 '미래에셋IMA3... 2026-05-28 하나금융, 취약계층·소상공인에 3조 푼다...2000억 규모 연체채권도 소각 하나금융그룹이 취약계층과 소상공인을 대상으로 한 포용금융 로드맵을 본격 가동한다. 중·저신용자와 소상공인에게 총 3조원 규모의 특화 금융을 공급하고, 장기 연체채권 2000억원을 ... 2026-05-28 하나금융그룹이 취약계층과 소상공인을 대상으로 한 포용금융 로드맵을 본격 가동한다. 중·저신용자와 소상공인에게 총 3조원 규모의 특화 금융을 공급하고, 장기 연체채권 2000억원을 ... 삼성증권마저 두나무 주주 합류...카카오는 계열사까지 지분 매각 전통 금융권이 연이어 가상자산거래소 운영사 두나무 지분 인수에 나섰다. 하나금융지주를 시작으로 한화투자증권이 보유 지분을 확대했고, 삼성증권은 또한 삼성에스디에스(삼성SDS), 삼... 2026-05-28 전통 금융권이 연이어 가상자산거래소 운영사 두나무 지분 인수에 나섰다. 하나금융지주를 시작으로 한화투자증권이 보유 지분을 확대했고, 삼성증권은 또한 삼성에스디에스(삼성SDS), 삼... [테크M 트렌드] ""무신사 갔다가, 올리브영 가자""…'올다무' 3사 몸값만 수십조, 유통 지형 바꾸다 주말 오후 홍대·성수·명동 핵심 상권의 공통점이 있다. 올리브영·다이소·무신사 세 곳이 나란히 붙어있다. 뷰티템을 고르고 다이소에서 생필품을 담은 뒤 무신사 스탠다드에서 옷을 입어... 2026-05-28 주말 오후 홍대·성수·명동 핵심 상권의 공통점이 있다. 올리브영·다이소·무신사 세 곳이 나란히 붙어있다. 뷰티템을 고르고 다이소에서 생필품을 담은 뒤 무신사 스탠다드에서 옷을 입어... 금융위, '포용금융 전략추진단' 본격 가동…6월 현장 대토론회로 시작 금융위원회가 포용금융 제도화에 본격적으로 속도를 낸다. 당국은 이벤트가 아닌 구조적 변화 임을 시사하고, 포용금융을 주요 정책으로 밀고 가겠다는 의지를 드러냈다. 금융위는 28일 ... 2026-05-28 금융위원회가 포용금융 제도화에 본격적으로 속도를 낸다. 당국은 이벤트가 아닌 구조적 변화 임을 시사하고, 포용금융을 주요 정책으로 밀고 가겠다는 의지를 드러냈다. 금융위는 28일 ... '독파모' 경험에 240억 자금 수혈까지...모티프, 수익성 제고에 '한걸음 더' AI 기업 모티프테크놀로지스가 240억원 규모의 시리즈B 투자를 유치하며 체급을 키우고 있다. 정부 '독자 AI 파운데이션 모델' 사업에 참여해 기술력을 알린 데 이어 외부 자금까... 2026-05-28 AI 기업 모티프테크놀로지스가 240억원 규모의 시리즈B 투자를 유치하며 체급을 키우고 있다. 정부 '독자 AI 파운데이션 모델' 사업에 참여해 기술력을 알린 데 이어 외부 자금까... ""콘텐츠 보며 '쇼핑'까지""...웨이브, 콘텐츠 차별화 전략 승부수 온라인 동영상 서비스(OTT) 웨이브가 생중계 및 VOD 서비스의 차별화를 위해 기존 콘텐츠에 커머스 기능을 결합했다. 이용자들이 콘텐츠를 즐기면서 자연스럽게 구매 경험까지 할 수... 2026-05-28 온라인 동영상 서비스(OTT) 웨이브가 생중계 및 VOD 서비스의 차별화를 위해 기존 콘텐츠에 커머스 기능을 결합했다. 이용자들이 콘텐츠를 즐기면서 자연스럽게 구매 경험까지 할 수... 복지부 '비대면 탈모약 처방 7일 제한' 추진…탈모환자 ""대통령 공약 정면 충돌"" 반발 보건복지부가 비대면진료 처방일수를 7일 미만으로 제한하는 시행령을 추진 중인 것으로 알려지면서 비대면 의료업계 뿐 아니라 일반 환자들의 반발도 거세다. 평균 90일 이상의 장기처방... 2026-05-28 보건복지부가 비대면진료 처방일수를 7일 미만으로 제한하는 시행령을 추진 중인 것으로 알려지면서 비대면 의료업계 뿐 아니라 일반 환자들의 반발도 거세다. 평균 90일 이상의 장기처방... 한국투자증권·OKX 참전...코인원 지분 인수 협상 '초읽기' 국내 가상자산거래소 업계에 지각변동 조짐이 감지되고 있다. 한국투자증권과 가상자산거래소 오케이엑스(OKX)가 코인원 지분 매입을 두고 막판 조율에 돌입하면서다. 단 차명훈 코인원 ... 2026-05-28 국내 가상자산거래소 업계에 지각변동 조짐이 감지되고 있다. 한국투자증권과 가상자산거래소 오케이엑스(OKX)가 코인원 지분 매입을 두고 막판 조율에 돌입하면서다. 단 차명훈 코인원 ... '파업' 기로에 서 있는 카카오...정신아 ""불확실성 해소 못해 송구"" 정신아 카카오 대표가 카카오노조의 파업 돌입 예고로 혼란스러워진 내부 결속 다지기에 힘을 쏟고 있다. 경영 쇄신을 위한 조직 개편을 단행하며 조직 안정화에 나서는 모습이다. 그러면... 2026-05-28 정신아 카카오 대표가 카카오노조의 파업 돌입 예고로 혼란스러워진 내부 결속 다지기에 힘을 쏟고 있다. 경영 쇄신을 위한 조직 개편을 단행하며 조직 안정화에 나서는 모습이다. 그러면... [글로벌] 퀄컴, 바이트댄스에 AI 데이터센터용 ASIC 공급 계약 퀄컴이 틱톡 운영사 바이트댄스에 인공지능(AI) 데이터센터용 주문형 반도체(ASIC)를 공급하는 계약을 맺었습니다. 스마트폰 칩 시장에 머물던 퀄컴이 AI 인프라 시장으로 영역을 ... 2026-05-28 퀄컴이 틱톡 운영사 바이트댄스에 인공지능(AI) 데이터센터용 주문형 반도체(ASIC)를 공급하는 계약을 맺었습니다. 스마트폰 칩 시장에 머물던 퀄컴이 AI 인프라 시장으로 영역을 ... [글로벌] 우버보다 싼 웨이모 로보택시...도심 가격 경쟁 본격화 자율주행 로보택시 선두 주자 웨이모가 도심 구간에서 우버보다 저렴한 요금을 제시하며 본격적인 가격 경쟁에 뛰어들었습니다.지난 25일(현지시간) 샌프란시스코에서 직접 비교한 결과, ... 2026-05-28 자율주행 로보택시 선두 주자 웨이모가 도심 구간에서 우버보다 저렴한 요금을 제시하며 본격적인 가격 경쟁에 뛰어들었습니다.지난 25일(현지시간) 샌프란시스코에서 직접 비교한 결과, ... [글로벌] 中 CXMT, 상하이 증시 상장심사 돌입...중국 메모리 굴기 가속 중국 최대 D램 업체 창신메모리테크놀로지(CXMT)가 중국 증시 상장 절차에 본격 돌입합니다. 중국 정부의 '메모리 반도체 자립 전략'도 한층 속도를 낼 전망입니다.지난 26일 업... 2026-05-28 중국 최대 D램 업체 창신메모리테크놀로지(CXMT)가 중국 증시 상장 절차에 본격 돌입합니다. 중국 정부의 '메모리 반도체 자립 전략'도 한층 속도를 낼 전망입니다.지난 26일 업... [테크M 이슈] 두나무 이사회가 새 단장한 이유는...AI·글로벌 확장 힘준다 가상자산거래소 업비트 운영사 두나무가 4년 만에 이사회 재편이라는 카드를 꺼냈다. 한국 시장을 넘어 해외로 사업 영역을 확대하고 미래 먹거리로 점찍은 인공지능(AI)에서의 역량을 ... 2026-05-28 가상자산거래소 업비트 운영사 두나무가 4년 만에 이사회 재편이라는 카드를 꺼냈다. 한국 시장을 넘어 해외로 사업 영역을 확대하고 미래 먹거리로 점찍은 인공지능(AI)에서의 역량을 ... ""AI 품질, 콘텐츠가 결정"" 네이버, 콘텐츠·데이터 생태계 강화 승부수...'네이버 메이트' 출격 네이버가 인공지능(AI) 시대 차별화된 경쟁 방안으로 콘텐츠와 데이터를 제시했다. 이를 강화할 수 있는 지원책으로 'AI메이트'를 선보이는 동시에 AI브리핑과 AI탭 등 AI검색 ... 2026-05-28 네이버가 인공지능(AI) 시대 차별화된 경쟁 방안으로 콘텐츠와 데이터를 제시했다. 이를 강화할 수 있는 지원책으로 'AI메이트'를 선보이는 동시에 AI브리핑과 AI탭 등 AI검색 ... 롯데그룹, 실적 반등에도 구조조정 고삐...저효율 줄이고 미래사업 키운다 롯데그룹이 1분기 실적 반등을 발판으로 구조조정과 신사업 육성에 속도를 낸다. 식품·유통·화학·호텔 등 핵심 사업군의 수익성이 개선된 가운데, 비핵심 자산 효율화와 바이오·전지 소... 2026-05-28 롯데그룹이 1분기 실적 반등을 발판으로 구조조정과 신사업 육성에 속도를 낸다. 식품·유통·화학·호텔 등 핵심 사업군의 수익성이 개선된 가운데, 비핵심 자산 효율화와 바이오·전지 소... 은행권, BIS '아고라 프로젝트' 참여...국경 간 지급결제 새 판 짠다 국내 주요 은행들이 국제결제은행(BIS)이 주도하는 글로벌 지급결제 인프라 검증에 속도를 내고 있다. 기존 국제송금과 국가 간 거액 결제에서 반복돼 온 처리 지연, 높은 수수료, ... 2026-05-28 국내 주요 은행들이 국제결제은행(BIS)이 주도하는 글로벌 지급결제 인프라 검증에 속도를 내고 있다. 기존 국제송금과 국가 간 거액 결제에서 반복돼 온 처리 지연, 높은 수수료, ... 삼성전자·삼성D·LG전자·LGD, 차세대 디스플레이 시장 '격돌' 삼성디스플레이와 LG디스플레이가 유기발광모니터(OLED) 시장에서 격돌했다. OLED 모니터는 소비 심리 둔화와 원가 상승 압박에도 불구 전년동기대비 성장세를 유지 중이다. 양사는... 2026-05-28 삼성디스플레이와 LG디스플레이가 유기발광모니터(OLED) 시장에서 격돌했다. OLED 모니터는 소비 심리 둔화와 원가 상승 압박에도 불구 전년동기대비 성장세를 유지 중이다. 양사는... '30살 국민게임' 포트리스의 귀환...레트로 감성으로 3040 향수 깨운다 2000년대 초반 PC 온라인 게임 시장을 휩쓸며 국민게임으로 불렸던 포트리스가 30주년을 기념해 '포트리스3 블루'로 돌아왔다. 원작의 감성을 현대적으로 재해석해 당시 게임을 즐... 2026-05-28 2000년대 초반 PC 온라인 게임 시장을 휩쓸며 국민게임으로 불렸던 포트리스가 30주년을 기념해 '포트리스3 블루'로 돌아왔다. 원작의 감성을 현대적으로 재해석해 당시 게임을 즐... LG유플러스, 요금제 '심플'하게 개편...LTE-5G 통합하고 전 요금제 안심옵션 적용 LG유플러스가 복잡했던 기존 요금제를 단순하게 개편한다. 지난해부터 추진해온 '심플리' 전략의 일환이다. LTE와 5G를 구분하지 않고 통합한다. 기존 53개 요금제가 18개로 준... 2026-05-28 LG유플러스가 복잡했던 기존 요금제를 단순하게 개편한다. 지난해부터 추진해온 '심플리' 전략의 일환이다. LTE와 5G를 구분하지 않고 통합한다. 기존 53개 요금제가 18개로 준... IMA 1·2호 완판에 3호까지…미래에셋증권, '질 중심' 전략으로 IMA 시장 주도 미래에셋증권이 종합투자계좌(IMA) 시장에서 남다른 성과를 이어가고 있어 주목된다. 28일 금융투자업계에 따르면 미래에셋증권은 지난 26일 세 번째 IMA 상품인 '미래에셋IMA3... 2026-05-28 미래에셋증권이 종합투자계좌(IMA) 시장에서 남다른 성과를 이어가고 있어 주목된다. 28일 금융투자업계에 따르면 미래에셋증권은 지난 26일 세 번째 IMA 상품인 '미래에셋IMA3...",8405,bs4_selector,58.0,good,116.5,True,False,https://news.google.com/rss/articles/CBMiZkFVX3lxTE44UkJDMEU0Nml2eGRpTk1Jc3ZnSDJ0bFpYN1UwWWxjZ1ljU2xDbG9ENHhVdzFxeG5BdkNPb3c5c0hhbXFucnB0aVlvaVlwZWRfTFNLaVVUaHV0dmExdnFrX0VIbDhDZ9IBakFVX3lxTE56bGJVMGJSUTVOWTZQUnZlOHRCVUNjNlJXdmNUN3ZXYlUwWUxfZFBId2RuN2VLWkdxbDhMaTBvbG9ibW8xSlVLaWRVVDh5YlZtTlZ6OTFBek9ELUN0a3NNUEVCQkhRUnJ6WVE?oc=5,https://www.techm.kr/news/articleView.html?idxno=152207,76.0,"aidc_datacenter,dunamu_stake,labor_dispute,stablecoin",labor_strike_action,2026-05-28,meta:article:published_time,original_date_recent,2,172.75,5
정부_국회,정부/국회,행정안전부,‘정부24’ 소스코드 오류로 1200명 개인정보 유출한 행안부에 2.7억 과징금,이데일리,이데일리,"Thu, 28 May 2026 02:00:03 GMT","Thu, 28 May 2026 02:00:03 GMT",‘정부24’ 소스코드 오류로 1200명 개인정보 유출한 행안부에 2.7억 과징금 이데일리,"[이데일리 김현아 기자] 정부 통합 행정서비스 ‘정부24’를 운영하는 행정안전부가 소스코드 오류로 약 1,200명의 개인정보를 유출해 2억 7,300만 원의 과징금을 부과받는 등, 공공기관 전반이 개인정보 보호 의무 위반으로 대규모 제재를 받았다.시스템 개발과 운영을 외주에 맡겼더라도 최종 책임은 공공기관에 있다는 원칙이 다시 확인됐다.개인정보보호위원회(위원장 송경희)는 지난 27일 전체회의를 열고, 행정안전부와 농촌진흥청 등 4개 공공기관 및 수탁업체 1곳에 대해 총 5억 4,660만 원의 과징금과 1,200만 원의 과태료를 부과했다고 밝혔다.가장 큰 제재를 받은 기관은 행정안전부다. 정부24 및 공유누리 서비스를 운영하는 행안부는 과징금 2억 7,300만 원과 과태료 750만 원을 부과받고, 처분 결과 공표 명령도 함께 받았다.정부24는 주민등록등본 발급 등 정부·지자체·공공기관의 각종 행정 서비스와 정책 정보를 한곳에서 이용할 수 있는 통합 전자정부 포털이다.공유누리는 중앙부처와 지자체, 공공기관이 보유한 공공시설·물품·주차장·강좌 등 개방 자원을 국민이 온라인으로 검색하고 예약할 수 있도록 한 통합 플랫폼이다.조사 결과 행안부는 2024년 4월 국세 납세증명서 서식 변경 과정에서 소스코드 수정 작업을 진행하면서 핵심 테스트를 누락했고, 이로 인해 교육부 NEIS 연계 민원서류 및 국세청 납세증명서 발급 과정에서 오류가 발생했다.그 결과 약 1,233명의 성명, 생년월일, 주민등록번호 등 개인정보가 타인에게 그대로 노출된 것으로 확인됐다.또한 2025년 5월에는 주민등록증 발급상황 조회 서비스의 본인 인증 모듈 취약점으로 인해 사망자 1명을 포함한 4건의 발급 정보가 제3자에게 조회되는 사고도 발생했다.이 외에도 내부 시스템인 공유누리 업무게시판 접근 통제 실패로 공공주차장 담당자 3,800여 명의 이름과 연락처가 외부 검색엔진에 노출된 사실도 드러났다.개인정보처리방침에 위탁업무와 수탁자를 공개하면서 수탁업체인 메타빌드㈜를 누락(‘23.9.18.~’24.5.1.)한 사실도 확인됐다.특히 행안부는 개인정보 유출 사실을 인지한 이후에도 법정 기한인 72시간을 넘겨 수일에서 수십 일 뒤에야 당사자에게 통지한 것으로 확인돼 ‘유출 통지 의무 위반’도 지적받았다.농촌진흥청과 소속기관(국립농업과학원, 국립축산과학원)도 수탁업체 관리 부실로 대규모 해킹 피해를 키운 것으로 드러났다.2025년 4월 유지보수 업무를 맡은 수탁업체 ㈜미소테크의 네트워크 저장장치(NAS)가 해킹당하면서 약 57만5천 건의 개인정보가 외부로 유출돼 다크웹에 게시됐다. 유출된 정보에는 이름, 주소, 연락처, 과학기술인번호 등이 포함됐다.조사 결과 해당 업체는 계약 종료 이후에도 개인정보를 삭제하지 않고 보관했으며, 외부에서도 접근 가능한 NAS를 기본 계정 정보만으로 운영해 사실상 무방비 상태였던 것으로 확인됐다.그러나 위탁기관인 농촌진흥청 등은 “자료 미보유 확약서”만 확보한 뒤 실제 데이터 삭제 여부를 현장 점검하지 않은 것으로 드러났다.이에 따라 개인정보보호위원회는 농촌진흥청에 1억 6,800만 원, 국립농업과학원에 2,310만 원의 과징금을 부과했다. 수탁업체 ㈜미소테크에도 8,250만 원의 과징금과 450만 원의 과태료가 부과됐다.개인정보보호위원회는 이번 제재가 공공부문 정보화 사업에서 발생하는 개인정보 유출 사고의 책임 구조를 명확히 했다는 점에서 의미가 있다고 설명했다.소스코드 오류, 보안 취약점 방치 등 시스템 관리 실패로 발생한 사고는 최종 책임 주체인 공공기관이 부담해야 한다는 원칙을 다시 강조한 것이다. 동시에 수탁업체의 직접 과실 역시 별도로 제재했다.개인정보위는 앞으로도 공공부문 정보화사업 과정에서 발생할 수 있는 개인정보 보호 취약요인을 지속적으로 점검하고, 위·수탁 구조에서 발생하는 관리 공백이 최소화될 수 있도록 공공기관들에 처분 사례를 공유하고, 현장 중심의 관리·감독 강화를 유도해 나갈 계획이다.",1932,newspaper3k,66.0,good,59.0,True,False,https://news.google.com/rss/articles/CBMigAFBVV95cUxNcE5yZjZDYXpNWEhESVpFb29INGlPY3R5T2tpaXZCd29vYkV1X05vdDM0YXF3Mm4tMnJpZkxlcjVDXzFxOWo2RTh5SmZoanFXbUY5cHRGelJVUGY0TXQwYktyMm9MVS1zeld2NVo3ZzB6aEdzclM2WXNuQk5IcVJldA?oc=5,https://www.edaily.co.kr/News/Read?newsId=03588326645453512&mediaCodeNo=257,78.0,"antitrust_platform,phishing_security,search_ads",antitrust_general,2026-05-28,json_ld:datePublished,original_date_recent,4,161.7,6
정부_국회,정부/국회,행정안전부,'관리 소홀' 정부24 개인정보 유출…행안부 2억원대 과징금,아시아경제,아시아경제,"Thu, 28 May 2026 02:03:38 GMT","Thu, 28 May 2026 02:03:38 GMT",'관리 소홀' 정부24 개인정보 유출…행안부 2억원대 과징금 아시아경제,"산업·IT 과학 '관리 소홀' 정부24 개인정보 유출…행안부 2억원대 과징금 노경조 기자 입력 2026.05.28 11:03 01분 12초 소요 언어 뉴스 요약 뉴스 듣기 인쇄 숏 뉴스 AI 요약 기술은 핵심만 전달합니다. 전체 내용의 이해를 위해 기사 본문을 확인해주세요. 불러오는 중... 닫기 노경조 기자 입력 2026.05.28 11:03 01분 12초 소요 언어 뉴스 요약 뉴스 듣기 인쇄 입력 2026.05.28 11:03 01분 12초 소요 숏 뉴스 AI 요약 기술은 핵심만 전달합니다. 전체 내용의 이해를 위해 기사 본문을 확인해주세요. 불러오는 중... 닫기 숏 뉴스 AI 요약 기술은 핵심만 전달합니다. 전체 내용의 이해를 위해 기사 본문을 확인해주세요. AI 요약 기술은 핵심만 전달합니다. 전체 내용의 이해를 위해 기사 본문을 확인해주세요. 공공기관 4곳·미소테크, 총 5억원대 과징금 ""공공기관 정보화사업 취약 요인 지속 점검"" 개인정보보호위원회는 행정안전부를 비롯해 개인정보보호법을 위반한 4개 공공기관과 수탁업체(미소테크)에 총 5억원이 넘는 과징금을 부과했다고 28일 밝혔다. 공공기관 정보화사업 과정에서 발생한 개인정보 유출 사고의 책임을 구체화한 것으로, 처분 사례는 기관들에 공유하기로 했다. 송경희 개인정보보호위원장이 27일 오후 정부서울청사에서 개최된 '제10회 개인정보보호위원회 전체회의'에서 모두발언을 하고 있다. 개인정보위 제공 AD 원본보기 아이콘 송경희 개인정보보호위원장이 27일 오후 정부서울청사에서 개최된 '제10회 개인정보보호위원회 전체회의'에서 모두발언을 하고 있다. 개인정보위 제공 행안부는 통합행정 서비스 포털인 정부24에서 발생한 개인정보 유출로 과징금 2억7300만원과 과태료 750만원, 시정 권고 및 공표 처분을 받았다. 정부24에서는 2024년 4월 교육부 NEIS 연계 민원 서류와 국세청 납세증명서의 소스코드 개발 오류로 총 1233명의 개인정보(생활기록부, 졸업증명서, 성명, 생년월일 등)가 유출됐다. 지난해 5월에는 인증 시스템 취약으로 주민등록증 발급 상황 4건(사망자 1인 포함)이 타인에게 조회됐다. 또 공유누리 홈페이지 업무 게시판에 게시된 공공주차장 담당자 정보 파일이 구글 검색에 노출되는 일이 있었다. 개인정보위는 행안부가 소스코드의 법인 발급 테스트를 누락하는 등 점검을 소홀히 했다고 지적했다. 또 주민등록증 발급 상황 조회 서비스에 사용된 본인 인증 모듈 취약점을 발견·조치하지 않았고, 교육부 NEIS 연계 민원 관련 유출은 사실 인지 후 정당한 사유 없이 72시간이 지나 통지했다고 짚었다. 개인정보 처리 방침에 수탁업체인 메타빌드를 누락한 사실도 확인했다. 개인정보위는 또 농촌진흥청과 국립농업과학원, 국립축산과학원, 미소테크는 총 2억7360만원의 과징금과 450만원의 과태료를 부과했다. 농촌진흥청과 소속기관으로부터 시스템 유지·관리 등을 위탁받은 미소테크의 네트워크 저장장치(NAS)가 해킹을 당해 57만5000여건(중복 포함)의 개인정보(이름, 주소, 직장 정보, 과학기술인번호 등) 가 다크웹에 유통됐기 때문이다. 조사 결과 미소테크는 위탁받은 개인정보를 자체 NAS에 무단으로 보관한 데다 외부 IP에 접근 가능한 상태로 운영했다. 위탁자인 농촌진흥청 등도 용역 사업 종료 시 미소테크로부터 '자료 미보유확약서'만 수령하고 노트북·외장하드 등에서 개인정보가 파기됐는지 여부는 확인하지 않았다. 또 수탁업체의 개인정보 보유 현황, 업무 처리 환경 등을 파악·통제하지 못하는 등 관리·감독에 소홀했다. 이에 개인정보위는 미소테크에 과징금 8250만원·과태료 450만원 처분을 내렸다. 농촌진흥청과 국립농업과학원에는 각각 과징금 1억6800만원, 2310만원을 조치했다. 시정 권고, 공표 명령은 공통 사항이다. 꼭 봐야 할",1863,bs4_selector,68.0,good,58.5,True,False,https://news.google.com/rss/articles/CBMiYEFVX3lxTE5mMmhwQU1QLUFfb2RKbnBtNTVLa2JmTktyZFdsX2ZJYkNVRTdrSVNad3d1ZjhiNmF5Y1NpRmVQeHlEN0drUE9hZzFYckp1M3poQXpuQXdXZ09JYTAzV3gtSg?oc=5,https://www.asiae.co.kr/article/2026052809394663105,76.0,"antitrust_platform,phishing_security,search_ads",antitrust_inapp,2026-05-28,json_ld:datePublished,original_date_recent,10,160.15,7
정부_국회,정부/국회,행정안전부,"개인정보위, '정부24 개인정보 유출' 행안부에 2.7억원 과징금 부과",블로터,블로터,"Thu, 28 May 2026 02:00:00 GMT","Thu, 28 May 2026 02:00:00 GMT","개인정보위, '정부24 개인정보 유출' 행안부에 2.7억원 과징금 부과 블로터","개인정보보호위원회(개인정보위)가 △교육부 생활기록부 오발급 △국세청 납세증명서 오발급 △주민등록증 발급 상황 조회 해킹 등 정부24에서 발생한 3건의 유출 사고에 대해 행정안전부(행안부)에 과징금 2억7300만원과 과태료 300만원을 부과했다. 개인정보위는 이달 27일 서울 종로구 정부서울청사에서 제10회 전체회의를 개최했다. 이번 회의에서 개인정보위는 정부24 시스템을 매개로 발생한 개인정보 유출 사고에 대해 심의·의결했다. 행안부는 2024년 4월 정부24 연계 서비스를 고도화하는 과정에서 교육부 연계 민원 서류 및 납세증명서를 발급했고 이 과정에서 1200여명의 개인정보를 유출했다. 교육부 연계 민원 서류 발급 서비스의 경우 다수의 민원이 동시에 집중되는 상황에서 원래 신청한 민원인이 아닌 타인의 생활기록부와 성적증명서 등의 민원 서류가 무작위로 발급됐다. 소스 코드를 개발한 수탁 업체가 배포 전 테스트를 거쳤으나 기술적 오류가 발생한 것으로 파악됐다. 이로 인해 총 646명의 개인정보가 유출됐다. 국세청 납세증명서 오발급 건에 관해서는 법인 납세증명서를 발급하는 과정에서 법인 대표자의 성명과 주민등록번호가 그대로 화면에 출력 및 발급됐다. 납세증명서 서식에 QR코드를 추가하기 위한 소프트 코드 수정이 진행됐는데 개발 업체가 개인 인증서를 통한 발급 테스트만 수행하고 법인 납세증명서 발급에 관한 테스트를 누락한 것이 원인이었다. 이로 인해 총 587명의 유출 피해가 발생했다. 2025년 5월 발생한 정부24 홈페이지 해킹 사고의 경우 피의자가 사전에 수집해 둔 타인의 이름과 주민등록번호를 활용하고 정부24 본인 인증 모듈에 존재하는 보안 취약점을 악용해 타인의 주민등록증 발급 상황을 조회했다. 이로 인해 국민 3명의 주민등록증 발급 신청 일자와 처리 완료 여부 등의 데이터가 유출됐다. 개인정보위는 국세 납세증명서 서식 변경 시 법인 발급 테스트를 누락해 대표자 인적사항이 오발급되도록 방치한 것과 정부24 주민등록증 조회 시스템의 본인 인증 모듈 취약점을 발견하고도 방치해 해킹 및 타인 정보 조회를 가능하게 한 점을 들어 행안부에 과징금 2억7300만원을 부과했다. 아울러 교육부 연계 민원 서류의 오발급 사실을 인지하고도 법정 시일 내에 알리지 않아 유출 통지 의무를 위반한 점과 개인정보 처리 방침에 시스템을 관리하는 수탁 업체 중 한 곳의 명단을 누락한 것에 대해 개인정보위는 행안부에 과태료 300만원을 부과했다. 한편 공공 주차장 정보를 등록한 담당자 3828명의 개인정보가 담긴 엑셀 파일이 구글 검색 포털에 노출된 공유누리 홈페이지 사고도 함께 심의 및 의결됐다. 개인정보위는 접근 통제 기능 미흡과 암호화 미조치 행위를 안전 조치 의무 위반으로 판단했으나 해당 정보가 대규모로 유포되지 않은 점을 참작했다. 이에 과징금 부과는 면제하되 안전 조치 의무 위반에 대한 책임을 물어 행안부에 과태료 450만원을 부과하고 처분 결과를 개인정보위 홈페이지에 1년간 공표하도록 의결했다. 송경희 개인정보위원장은 “최근 공공기관의 개인정보 유출이 잇따르고 있어 개인정보 유출에 대한 공공기관의 관심과 주의가 필요하다”고 말했다. 김수진 기자 kimsuzin09@bloter.net [단독] ‘삼성 타결’ 최승호, 국회 영입 0순위···崔 “생각 없다” [단독] 삼성 시스템LSI·파운드리도 성과급 반발…""차등 지급 법적 대응"" [현대차그룹 방산 모멘텀] 모베드·스팟, 로봇이 줄어든 병력 대체한다 [박종면칼럼] 현대차 보스턴다이내믹스 상장과 ‘중복상장 금지’ 아리바이오, 7조 LO로 판도 역전…소룩스 합병 셈법 바뀌나 현대차 그랜저 ‘차로유지보조 자동 켜짐’ 기능 보니 [카미경] 삼성전자 노사 협상 끝내 결렬…정부 '긴급조정권' 변수로 [단독] ‘삼성 타결’ 최승호, 국회 영입 0순위···崔 “생각 없다” [단독] 삼성 시스템LSI·파운드리도 성과급 반발…""차등 지급 법적 대응"" [현대차그룹 방산 모멘텀] 모베드·스팟, 로봇이 줄어든 병력 대체한다 [박종면칼럼] 현대차 보스턴다이내믹스 상장과 ‘중복상장 금지’ 아리바이오, 7조 LO로 판도 역전…소룩스 합병 셈법 바뀌나 현대차 그랜저 ‘차로유지보조 자동 켜짐’ 기능 보니 [카미경] 삼성전자 노사 협상 끝내 결렬…정부 '긴급조정권' 변수로",2089,bs4_selector,68.0,good,74.5,True,False,https://news.google.com/rss/articles/CBMiaEFVX3lxTFBLYmE5QWhncl9TRXNHbFBadzR0YVp5X1NSSEE0SUp2ajZnRnRoZEdaT2NlSXF0cGxJWXhZbmJmTjJDdFZjQnFyX0UtOGlVQjRBRjVTQWdCRENUaDFPdXhfV3VNYVNadDhG0gFsQVVfeXFMTy15alZqa2hWVHFYUkZ0Z1NNRFNqa0VRSHZmcGtWMVptWXIzdXlYZ0dBZUQ4Z0VhdWlIVjRqYk9mRXR6ZFdxUGJmdU5DaGtZOUNnTWpRX1gySXZvUGF4WTU0Vm9jTzRhd2I5TzYt?oc=5,https://www.bloter.net/news/articleView.html?idxno=663719,73.0,"antitrust_platform,labor_dispute,phishing_security,search_ads",labor_general,2026-05-28,meta:article:published_time,original_date_recent,2,163.35,8
정부_국회,정부/국회,과학기술정보통신부,"“휴대전화 개통 얼굴인증 개선하라”... 개인정보위, 과기정통부에 권고",보안뉴스,보안뉴스,"Thu, 28 May 2026 03:00:00 GMT","Thu, 28 May 2026 03:00:00 GMT","“휴대전화 개통 얼굴인증 개선하라”... 개인정보위, 과기정통부에 권고 보안뉴스","“휴대전화 개통 얼굴인증 개선하라”... 개인정보위, 과기정통부에 권고 2026-05-28 12:00 “휴대전화 개통 얼굴인증 개선하라”... 개인정보위, 과기정통부에 권고 가 + 가 - http://www.boannews.com/media/view.asp?idx=143849 URL을 길게 누르면 복사하실 수 있습니다. 자동차 정비도 얼굴로 결제... 토스, 현대 전문 ... 휴네시온·시큐어시스템즈·케이엑스넥스지·에브리존, 4... 한싹, 통합보안 모델 공개... “AI·N2SF 전... 토스증권 즐겨찾기에 李대통령 합성사진... “구글 ... “리투아니아 정부 등록망 뚫렸다” 개인정보·부동산 ... [속담으로 배우는 100가지 보안 습관-23] 호미... [김정덕의 인간중심보안-7] 디지털 야누스, 두 얼... 금융권, nginx 등 고위험 오픈소스 긴급 점검 ... 미토스, 상용 소프트웨어에서 1만개 이상의 제로데이 취약점 발견 ‘클릭픽스’ 공격으로 700여개 사이트 해킹... 클로드 발견 ‘Ghost CMS’ 취약점 악용 다크웹 브로커들의 악질적인 개인정보 ‘재포장 사기’ 기승 사이버 위협에 지갑 여는 중소기업... 하지만 여전히 사후 대응에 머물러 티디지, 스패로우와 ‘DevSecOps 기반 보안체계 구축’ 계약 ‘취약점의 산업화’ 가속... “천재 공격자 한명이 다 하는 시대 아냐” [해킹을 결제하시겠습니까?] #4. “첫 달 무료 혹하다 정보 유출?” 가상카드번호·일회용 카드번호 활용법 주목 카스퍼스키, 글로벌 ‘디지털 협력 기구’ 합류 자동차 정비도 얼굴로 결제... 토스, 현대 전문 블루핸즈에 ‘페이스페이’ 도입 휴네시온·시큐어시스템즈·케이엑스넥스지·에브리존, 4사 통합 보안 서비스 나온다 [한국정보공학기술사 보안을 論하다-40] 大 해킹 시대 위협 관리 서비스: 사이버 보험 [미토스 충격] AI 해킹, 다 못 막는 ‘물량전’ 도래... ‘성실실패’ 기준 진화해야 [미토스 충격] “미토스 접근 안되면 하위버전 최대한 활용해 빨리 패치”... AI 신속 방어론 ↑ “보안 향한 관심 하나로 끝까지” 베이비 비버스 1기 최종발표회 현장 가보니 [디지털 문단속] #3. 방치된 공유기, 해커의 놀이터 된다... “펌웨어 업데이트 필수” [2026 비식별화 솔루션 리포트] 지우는 데이터에서 활용하는 데이터로... 안전한 AI 거버넌스 이끈다 집 안으로 들어온 AI, 미국은 ‘오케스트레이터’ 중국은 ‘생활형 비서’ 백악관의 압박... AI 사이버 위기 앞두고 빅테크에 “보안 대책 내놔라!” [배종찬의 보안 빅데이터] 스미싱 위협에 놓인 고유가 피해지원금",1282,bs4_selector,68.0,good,51.0,True,False,https://news.google.com/rss/articles/CBMiZ0FVX3lxTFBmU1FkLW1EVElldGZPWnRkMElwMmhsQkhLZ0xPMTdQOVJNbVVLR1JERG1mMFNGVVE1RnVHVXotVGZYZnAtNnV2Q2RsaW90TUJoMVJtRlJpQzhQanlqcEQyeXZoZTJ4aUk?oc=5,http://m.boannews.com/html/detail.html?idx=143849&kind=2,66.5,"ai_agent,phishing_security",security_hacking_incident,2026-05-28,body_early_plain_date,original_date_recent,1,132.9,9
정부_국회,정부/국회,공정거래위원회,"공정위원장, 쿠팡 김범석 고발 시사…""허위자료 제출 과징금 최대 200억 검토""",네이트,네이트,"Wed, 27 May 2026 20:04:00 GMT","Wed, 27 May 2026 20:04:00 GMT","공정위원장, 쿠팡 김범석 고발 시사…""허위자료 제출 과징금 최대 200억 검토"" 네이트","[서울신문]주병기 공정거래위원장이 김범석 쿠팡Inc 의장을 허위자료 제출 혐의로 검찰에 고발할 가능성을 시사했다. 쿠팡이 공정위에 제출한 ‘총수 일가가 경영에 참여하지 않는다’는 내용의 서약서가 허위라는 이유에서다. 주 위원장은 지난 26일 정부세종청사에서 열린 출입기자단 간담회에서 “쿠팡이 총수 일가가 경영에 참여하지 않는다고 서약서에 썼는데, 그와 위반되는 사실이 발견돼 동일인 지정을 했던 것”이라면서 “허위 사실이 입증되면 현행법상 고발 등 형사적 제재를 추진할 수밖에 없다”고 말했다. 김 의장의 동생 김유석 부사장이 국내 쿠팡 경영에 영향력을 행사하고 있고, 공정위가 이런 사실을 확인했는데도 쿠팡은 공정위에 제출 의무가 있는 지정자료 중 하나인 서약서(확인서)에 ‘총수 일가의 경영 미참여’라고 적어 냈다는 것이다. 아울러 주 위원장은 기업의 지정자료 허위 제출 혐의에 대해 최대 200억원의 과징금을 부과하는 방안을 추진한다고 밝혔다. 그는 “현행법상 지정자료 허위 제출은 2년 이하 징역 또는 1억 5000만원 이하 벌금만 가능해 억지력이 충분하지 않다”며 “현재 동일인에게 부과하는 정액과징금 상한은 200억원이지만 구체적 액수는 논의 중”이라고 말했다. ‘대기업 저승사자’라 불린 조사국도 21년 만에 부활한다. 주 위원장은 “대기업의 중대한 법 위반 행위를 조사하는 40명 규모의 국 단위 ‘중점조사기획단’을 신설해 더욱 신속하고 엄정한 법 집행에 나서겠다”고 밝혔다. 세종 한지은 기자 [서울신문 다른기사 보러가기] ☞ “전원주, ‘43살 연하男’ 만나 설레해” 측근 폭로 나왔다 ☞ ‘재벌가 며느리’ 44세 톱모델 “여섯째 임신”…D라인 깜짝 공개 ☞ ‘1살 차이’ 유민상과 열애설♥… ‘45세’ 신봉선, 직접 입 열었다 ☞ “기막히다”… 남편 죽자 조의금 챙긴 시댁에 며느리 한탄 ☞ 배우 김수현 ‘눈물’ 1년여만 “마침내 진실”… ‘故김새론 음성조작 혐의’ 김세의 구속에 공식 입장 ☞ ‘무도’ 나왔던 박명수 前매니저 “폐암 수술 후 뇌 전이” 안타까운 소식 ☞ “정산금 못 받았다”…가수 이무진, 소속사에 전속계약 효력정지 소송 ☞ “사망한 남편, 알고 보니 日서 두 집 살림…혼외자까지 낳아” 충격 사연 ☞ “고마해라” “적당히들 하입시다”…BTS 멤버들 뿔난 부산 상황 ☞ “뱃속보다 더 짧았던 9개월의 생”…세 아이 살리고 하늘로 떠난 소민이 ▶ 밀리터리 인사이드 -",1178,trafilatura,70.0,good,52.5,True,False,https://news.google.com/rss/articles/CBMiU0FVX3lxTE1TZUFuSkZGdVhwSWNSUi1KaGVsbzFvQzBPQ0ZwWW5EcWdJOFlOUm8xaHlpTWhyVDVvTlFZT2ZPVl91S1U2NF9TblJMQUFfOURrN1k0?oc=5,https://news.nate.com/view/20260528n01990,62.5,"antitrust_platform,executive_change",antitrust_coupang_identity,2026-05-28,url_date,original_date_recent,2,137.75,10
정부_국회,정부/국회,금융위원회,'로맨스 스캠' 등 신종 피싱도 내달부터 신속 '계좌 임시정지',연합뉴스,연합뉴스,"Thu, 28 May 2026 05:00:03 GMT","Thu, 28 May 2026 05:00:03 GMT",'로맨스 스캠' 등 신종 피싱도 내달부터 신속 '계좌 임시정지' 연합뉴스,"금융권 보이스피싱 근절 협의회 1차 회의 신종피싱·대포계좌 공동 탐지룰 마련 (서울=연합뉴스) 김지연 기자 = 보이스 피싱뿐 아니라 로맨스 스캠이나 투자사기 등 신종피싱 범죄에 연루된 계좌도 임시 정지 조치가 신속하게 이뤄진다. 금융위원회는 다음 달 하순부터 노쇼사기·로맨스 스캠·투자사기 등 신종피싱 범죄에 연루된 계좌도 금융회사·수사기관 협업 아래 신속히 임시 정지되도록 가이드라인을 만들었다고 28일 밝혔다. 금융위는 이날 권대영 부위원장 주재로 경찰청·금융정보분석원·금융감독원·금융보안원·전체 금융권 협회 및 주요 시중은행 담당자 등과 '금융권 보이스피싱 근절 협의회' 회의를 하고 잠재 피해자 구제와 범죄자금 차단을 위해 통신사기피해환급법과 특정금융정보법을 적극적으로 해석하는 가이드라인을 마련했다고 말했다. 그간 금융회사는 보이스피싱 범죄에 포함되지 않는 '재화와 용역의 거래를 가장한' 사기범죄에는 계좌 임시 정지 등 적극적인 조처를 하지 못했다. 실체적인 재화·용역의 거래관계를 확인할 수 없다 보니 법규를 소극적으로 해석할 수밖에 없었기 때문이다. 가이드라인에 따르면 금융회사는 신종피싱·보이스피싱 등 범죄 유형과 관계없이 사기범죄가 의심되면 우선 신속하게 계좌 임시조치(최대 72시간)를 취한다. 이어 경찰이 이 범죄를 신종피싱으로 명확히 확인하면 특정금융정보법에 따른 거래정지(임시정지 7일, 본정지 30일)와 수사당국의 신속한 수사·검거 등을 통해 피해를 구제한다. 이 과정에 금융회사는 자체 이상금융거래탐지시스템(FDS)를 통해 탐지하거나, 피해자 신고를 접수하거나, 경찰이 피해신고를 전달한 어느 경우든 전기통신을 이용한 사기범죄로 판단되면 조치한다. 신종피싱 가능성이 있는 임시조치 사례는 즉시 경찰청 통합대응단에 알리고, 경찰은 '재화·용역의 거래여부'나 범죄유형·수법 등 실체적 사실을 바탕으로 신종피싱·보이스피싱 여부를 판단해 금융회사에 72시간 내 통지한다. 경찰이 신종피싱으로 판단한 경우 금융회사는 임시 거래정지(7일)를 취하고, 이어 금융정보분석원 검토를 거쳐 범죄 연관성이 의심되는 계좌에는 최대 60일(원칙 30일, 경찰 요청시 1회 연장) 본정지를 취할 수 있다. 그 사이 경찰은 범죄자 검거, 범죄수익 환수 등에 나선다. 아울러 신종피싱·대포계좌 유형까지 포함하는 금융권 공동의 이상금융거래 탐지체계(FDS)도 구축된다. 그간 '신종피싱'은 법적 조치근거 등이 불분명해 적극적인 탐지룰이 마련되지 않았고 '대포계좌'는 의심거래 정황은 포착되지만 명확한 피해신고가 확인되지 않았다. 금융위·금감원·금보원은 지난 3월 보이스피싱 대응 간담회 이후 경찰청 및 주요 금융권 FDS 실무진 등과 논의해 신종피싱 6종·대포계좌 9종 관련 FDS 공동 탐지룰(안)을 마련했다. 당국은 7월까지 업권별로 이 방안을 모의 운영해 정확성 등을 테스트한 뒤 3분기 중 최종 공동룰을 확정, 은행권부터 순차적으로 적용해 나갈 예정이다. 3분기 이후에는 카드업권 가상계좌 및 적금계좌 등에서 신규 탐지룰 마련도 추진할 계획이다. 이와함께 금융회사 FDS 탐지룰의 정확성을 높이고 정기적·체계적으로 업데이트하는 방안도 마련한다. 기존 은행·카드업 중심으로 기술된 FDS 운영체계 가이드라인을 상호금융·금융투자·보험 등 다양한 업권 현장상황에 맞도록 내용을 정비하고, 거래량 등을 고려해 적정조직·대응인력을 갖추도록 하며, 보이스피싱 탐지실적 등을 주기적(분기 1회)으로 분석해 자체 대응능력을 강화한다. 금융위·금감원은 이를 바탕으로 정기적(연2회 이상)으로 업권별 공동룰을 업데이트해 나갈 계획이다. 권대영 부위원장은 ""정부와 전 금융권이 '포착은 먼저, 차단은 즉시, 대응은 함께'해서 피싱범죄가 근절될 수 있도록 노력하겠다""고 강조했다. 2026/05/28 14:00 송고 2026년05월28일 14시00분 송고 #신종피싱 #보이스피싱 #금융위원회 #피싱범죄 50ｍ 해안 절벽 아래로 추락한 반려견, 해경이 구조 토스증권 북마크에 李대통령 합성사진이?…""구글 크롬 문제 탓"" '강제 팔굽혀펴기' 피해 병사 가족, 엄벌 탄원 서명운동 청라하늘대교서 철근 정리하다 바다로 추락…작업자 구조 남극 기지서 '47㎝ 흉기' 만든 대원…동료 살해 예비 혐의 기소 가짜 앱 속아 '49억 금괴' 털렸다…160억대 리딩방 사기단 검거 ""숨진 서산 70대 경비원, 경비실 바닥에 스티로폼 깔고 휴식"" ""누군가 살쪄서 이렇게 반가운 건 처음"" 1 / 2 [영상] 재공습에 보복…美, 군시설 타격하자 이란은 미군기지 공격 [영상] 바코드 찍는 시늉만…무인매장서 18차례 물건 훔친 20대 [영상] 유엔 창고 때린 러시아 이스칸데르 미사일…""13만명 식량 파괴"" 바코드 찍었는데 '0원'…무인매장 '큰손 단골' 정체 위성보다 싸고 레이더 다 피한다…미국의 對중국 감시 히든카드 50ｍ 해안 절벽 아래로 추락한 반려견, 해경이 구조 토스증권 북마크에 李대통령 합성사진이?…""구글 크롬 문제 탓"" '강제 팔굽혀펴기' 피해 병사 가족, 엄벌 탄원 서명운동 청라하늘대교서 철근 정리하다 바다로 추락…작업자 구조 남극 기지서 '47㎝ 흉기' 만든 대원…동료 살해 예비 혐의 기소 가짜 앱 속아 '49억 금괴' 털렸다…160억대 리딩방 사기단 검거 ""숨진 서산 70대 경비원, 경비실 바닥에 스티로폼 깔고 휴식"" ""누군가 살쪄서 이렇게 반가운 건 처음"" 1 / 2 50ｍ 해안 절벽 아래로 추락한 반려견, 해경이 구조 토스증권 북마크에 李대통령 합성사진이?…""구글 크롬 문제 탓"" '강제 팔굽혀펴기' 피해 병사 가족, 엄벌 탄원 서명운동 청라하늘대교서 철근 정리하다 바다로 추락…작업자 구조 남극 기지서 '47㎝ 흉기' 만든 대원…동료 살해 예비 혐의 기소 가짜 앱 속아 '49억 금괴' 털렸다…160억대 리딩방 사기단 검거 ""숨진 서산 70대 경비원, 경비실 바닥에 스티로폼 깔고 휴식"" [영상] 재공습에 보복…美, 군시설 타격하자 이란은 미군기지 공격 [영상] 바코드 찍는 시늉만…무인매장서 18차례 물건 훔친 20대 [영상] 유엔 창고 때린 러시아 이스칸데르 미사일…""13만명 식량 파괴"" [영상] 재공습에 보복…美, 군시설 타격하자 이란은 미군기지 공격 [영상] 바코드 찍는 시늉만…무인매장서 18차례 물건 훔친 20대 [영상] 유엔 창고 때린 러시아 이스칸데르 미사일…""13만명 식량 파괴"" 바코드 찍었는데 '0원'…무인매장 '큰손 단골' 정체 위성보다 싸고 레이더 다 피한다…미국의 對중국 감시 히든카드 바코드 찍었는데 '0원'…무인매장 '큰손 단골' 정체 위성보다 싸고 레이더 다 피한다…미국의 對중국 감시 히든카드",3204,bs4_selector,68.0,good,56.5,True,False,https://news.google.com/rss/articles/CBMiYEFVX3lxTFBUTEl4anNNQW90YnpEZDl4TUZndEE4OVVTdmEwVmRGYWZXVUVydk1uMkxqMmVfTUZJVFktRW8taUY2RDZETnRrMU1ZaWJpZzNESHdWRUpDLVhwNVVqQ2x0dNIBYEFVX3lxTFBUTEl4anNNQW90YnpEZDl4TUZndEE4OVVTdmEwVmRGYWZXVUVydk1uMkxqMmVfTUZJVFktRW8taUY2RDZETnRrMU1ZaWJpZzNESHdWRUpDLVhwNVVqQ2x0dA?oc=5,https://www.yna.co.kr/amp/view/AKR20260528084700002,61.0,"earnings,phishing_security",security_phishing_malware,2026-05-28,json_ld:datePublished,original_date_recent,9,168.75,11
경쟁사_해외이슈,경쟁사/해외이슈,네이버,"카티스, 네이버 AI데이터센터에 물리보안 구축 추진",이데일리,이데일리,"Thu, 28 May 2026 06:22:53 GMT","Thu, 28 May 2026 06:22:53 GMT","카티스, 네이버 AI데이터센터에 물리보안 구축 추진 이데일리","[이데일리 권오석 기자] 카티스(140430)가 네이버 AI 데이터센터를 잇따라 따내며 하이엔드 물리보안 플랫폼 수주를 넓혀가고 있다.카티스는 자이씨앤에이와 네이버 인공지능(AI) 데이터센터 ‘각 세종’ 물리보안 구축 공급계약을 체결했다고 28일 밝혔다. 계약 금액은 2·3단계를 합쳐 총 58억원으로, 전년 매출의 약 21% 규모다.카티스는 ‘각 세종’ 1단계 프로젝트에 이어 2·3단계까지 연속 수주에 성공했다. 이번 계약에 따라 서버 자산관리 로봇 ‘가로(GaRo)’·‘세로(SeRo)’가 결합된 출입통제 보안 플랫폼을 포함해 데이터센터 물리보안 솔루션을 공급할 예정이다. 1단계에서 이미 네이버의 까다로운 품질·성능 기준을 통과한 만큼 향후 대형 데이터센터 및 하이엔드 보안 플랫폼 시장에서 추가 수주가 기대된다는 평가다.카티스는 지난해 12월부터 한국수력원자력, 네이버 등과 잇따라 계약을 체결하며 수주 모멘텀을 이어가고 있다. 올 1분기 기준 누적 수주잔고는 424억원으로, 이번 계약분을 반영하면 약 482억원 수준까지 늘어난다. 전 세계적으로 AI 데이터센터와 AI 인프라 구축이 가속화되면서 카티스의 고급 물리보안 플랫폼 수요도 함께 증가하는 흐름이다.네이버는 2029년까지 데이터센터 ‘각 세종’을 현재의 3배 규모로 확장할 계획이다. 현재 약 10만 유닛(수전용량 47메가와트·MW)인 시설을 2029년까지 30만 유닛(130MW)으로 늘리는 것이 목표로, 2단계 공사는 2027년, 3단계는 2029년 완공을 목표로 하고 있다.카티스 관계자는 “이번 ‘각 세종’ 2·3단계 프로젝트 수주는 1단계 수행을 통해 검증된 기술력과 안정성을 다시 한 번 인정받은 결과”라며 “AI 데이터 확산으로 물리보안 중요성이 커지는 만큼 대형 데이터센터와 AI 인프라 환경에 최적화된 하이엔드 물리보안 플랫폼을 앞세워 수주 확대에 박차를 가하겠다”고 말했다.",930,newspaper3k,66.0,good,30.5,True,False,https://news.google.com/rss/articles/CBMigAFBVV95cUxQbWZhaXFablVsajBCN1NGNUMtMkN1UE90TlNDVnpUQ1p0VW1jUHI3T3VaaWIyTjUxM2xHZXFlSUVTcVZtWDdONVZiQ0hHTzE5UEJBMnJoVnVoRlIwYkhMa25zcURDQUhHcGlMWHE2NEl1ZVRhckMxVGtxcXVqb3ktcA?oc=5,https://www.edaily.co.kr/News/Read?newsId=04483766645453512&mediaCodeNo=257,58.5,"aidc_datacenter,earnings,phishing_security",aidc_general,2026-05-28,json_ld:datePublished,original_date_recent,4,131.75,12
경쟁사_해외이슈,경쟁사/해외이슈,네이버,"[유미's 픽] 2조 GPU 사업, 네이버·삼성SDS·엘리스가 거머쥘까…정부 ""물량 협상 중""",지디넷코리아,지디넷코리아,"Thu, 28 May 2026 06:34:53 GMT","Thu, 28 May 2026 06:34:53 GMT","[유미's 픽] 2조 GPU 사업, 네이버·삼성SDS·엘리스가 거머쥘까…정부 ""물량 협상 중"" 지디넷코리아","정부의 2조원대 그래픽처리장치(GPU) 확충 사업이 막판 협상 단계에 들어갔다. 네이버클라우드, 삼성SDS, 엘리스그룹 등 3개사 구도에 무게가 실리고 있지만 최종 협약과 정부 내부 절차는 아직 마무리되지 않은 것으로 확인됐다. 현재 사업자별 GPU 물량과 민간 활용 비중이 막판 변수로 남은 상태로, 최종 발표는 다음주 이후로 넘어갈 가능성이 커졌다. 28일 정부와 업계에 따르면 과학기술정보통신부와 정보통신산업진흥원(NIPA)은 '2026년 AI컴퓨팅자원 활용기반 강화사업'의 데이터센터 현장실사를 마무리하고 현재 사업자별 후속 협상을 진행하고 있다. 현장실사 대상에 오른 기업은 네이버클라우드, 삼성SDS, 엘리스그룹으로, 이들이 사실상 최종 사업자로 선정될 가능성이 높다. 다만 정부 공식 발표와 협약 체결은 이뤄지지 않았다. 사업자별 GPU 물량과 민간 활용 비중, 장비 도입 일정 등에 대한 조율이 남아 있어서다. 과기정통부 내부 보고 절차도 아직 끝나지 않은 상태다. 과기정통부 관계자는 ""(최종 사업자를) 아직 확정하지 않았고 선정되거나 한 것이 없다""며 ""물량 협상도 현재 마무리되지 않았다""고 말했다. 이어 ""기업들과 최종 계약을 맺지 않았고 내부적으로 협상안에 대한 보고도 하지 않은 상황""이라고 덧붙였다. 최종 발표 시점도 유동적이다. 정부는 이르면 이번 주 발표를 검토했지만 협상과 내부 보고 절차가 남아 있어 일정이 늦어질 가능성이 커졌다. 다음 주 발표 여부도 아직 확정하지 못한 상태다. 과기정통부 관계자는 ""협상이 아직 끝나지 않아 이번 주 발표는 쉽지 않을 것으로 보인다""며 ""협상 이후 내부 보고 절차도 남아 있어 현재로선 정확한 발표 시점을 특정하기 어렵다""고 밝혔다. GPU 확보·구축·운용지원 사업설명회 현장 (사진=지디넷코리아) 이번 사업은 총 2조805억원을 투입해 최신 GPU와 관련 부대장비를 국내 데이터센터에 구축하고 AI 연구·산업계에 공급하는 대형 프로젝트다. 정부는 GPU 확보뿐 아니라 대규모 클러스터링, 직접 구축·운용 역량, 동일 데이터센터 내 집적 구축, 전력·냉각·네트워크 설계 능력, 최신 장비 도입 가능성 등을 주요 평가 요소로 제시했다. 네이버클라우드, 삼성SDS, 엘리스그룹은 현장실사 대상에 올랐으나, 당초 제안서를 낸 쿠팡과 KT클라우드는 발표평가 단계에서 제외된 것으로 알려졌다. 업계에선 3개사가 사실상 최종 후보군으로 좁혀졌다는 관측이 확산된 상태다. 하지만 정부는 현 단계에서 특정 사업자와 최종 사업자 수를 공식적으로 확인해주지 않고 있다. 현장실사가 끝났더라도 협상 결과에 따라 사업자별 조건과 최종 구성이 달라질 수 있기 때문이다. 최종 사업자 수 역시 사업자별 가용 범위와 협상 결과를 반영해 정해질 전망이다. 남은 핵심 쟁점은 물량과 민간 활용 비중이다. 정부는 당초 최대 1만5000장 안팎의 고성능 GPU 확보를 목표로 제시했지만, 실제 확보 물량은 GPU 기종, 예산 범위, 사업자별 구축 여건에 따라 달라질 수 있다. 과기정통부 관계자는 ""협상이 아직 끝나지 않아 1만5000장 확보 여부와 사업자별 배정 물량 모두 확정되지 않았다""며 ""현재는 GPU 장수와 민간 활용 비중 등을 놓고 조율하고 있고, 기종도 협상 과정에서 달라질 수 있다""고 말했다. 삼성SDS 동탄 데이터센터 (이미지=삼성SDS) 업계에선 네이버클라우드가 8000~9000장 안팎, 삼성SDS가 5000장 안팎, 엘리스그룹이 2000장 안팎을 가져갈 것으로 예상했다. 이 경우 총 물량은 정부가 목표로 한 1만5000장 안팎에 근접할 수 있다. 다만 최종 장수는 협상 결과에 따라 달라질 수 있고 정부가 사업자별 배정 물량을 공개하지 않을 가능성도 있다. 업계에선 올해 구축 물량이 B300 등 엔비디아 블랙웰 계열 GPU 중심으로 구성될 가능성이 큰 것으로 보고 있다. 베라 루빈은 국내 입고 시점이 내년 이후로 넘어갈 가능성이 커 올해 서비스 개시 물량에는 포함되기 쉽지 않다는 관측이 나온다. 또 엔비디아 차세대 GPU 플랫폼인 '베라 루빈' 도입 계획은 이미 평가 단계에서 우대 요소로 반영된 것으로 알려졌다. 이에 현재 협상은 사업자별 GPU 장수와 기종 조합, 민간 활용 비중, 도입 일정 등을 맞추는 절차에 가깝다. 과기정통부 관계자는 ""베라 루빈을 몇 퍼센트 도입해야 한다고 정해진 것은 없다""며 ""이미 평가는 끝난 상황이기 때문에 무엇이 더 유리하다는 문제가 아니라 정부와 협상이 가능하냐의 문제""라고 설명했다. 여기에 베라 루빈은 차세대 모델인 만큼 올해 국내 입고와 서비스 개시가 쉽지 않을 것으로 보인다. 실제 도입 시점은 사업자별 제안 일정과 글로벌 공급 상황에 따라 최종 협상 과정에서 조율될 전망이다. 과기정통부 관계자는 ""공모 단계에서도 베라 루빈의 연내 서비스는 쉽지 않을 것으로 예상했다""며 ""정부가 특정 시점을 조건으로 건 것은 아니고, 최종 사업자가 확정되면 사업자별 제안 일정을 바탕으로 세부 도입 일정을 협의할 것""이라고 밝혔다. 민간 활용 비중도 사업성을 가르는 변수로 지목된다. 이번 사업은 정부 예산으로 GPU를 확보한 뒤 공공·연구 분야에 공급하는 구조지만, 사업자는 일부 자원을 자체 서비스나 기업 고객 수요에 활용할 수 있다. 공공 공급 비중이 높아질수록 정책 목적에는 부합하지만 사업자의 수익성 확보 여지는 줄어든다. 이에 사업자 입장에선 실제 배정 물량과 민간 활용 가능 범위가 중요할 것으로 보인다. GPU 가격이 오른 데다 서버, 네트워크 장비, 전력·냉각 설비, 데이터센터 보강 비용까지 고려하면 협상 조건에 따라 사업성이 달라질 수 있어서다. 대규모 장비를 확보하더라도 공공 공급과 민간 활용의 균형을 맞추지 못하면 투자 부담이 커질 수 있다. 네트워크 장비와 발주 일정도 변수로 남아 있다. 대규모 GPU 클러스터를 안정적으로 운영하려면 GPU 서버 간 고속 통신을 담당하는 인피니밴드 등 네트워크 장비가 필요한 상황이다. 하지만 협약 체결이 늦어질수록 GPU와 네트워크 장비 발주 일정에도 영향을 줄 수 있다. 정부는 사업자 선정 전까지 각 사업자가 제안한 일정과 공급 계획을 기준으로 검토하고 있다. 장비 수급 문제가 발생할 경우에는 사업자 선정 이후 정부가 함께 대응하는 방식이 거론된다. 현재까지 특정 장비 수급 문제가 공식화된 단계는 아닌 것으로 파악된다. 과기정통부 관계자는 ""사업자 선정 전에는 각 사업자가 제안한 일정에 맞춰 보는 상황""이라며 ""선정 이후 장비 수급 문제가 생기면 정부가 같이 참여해서 진행하는 형태가 될 것""이라고 밝혔다.",3182,newspaper3k,66.0,good,29.0,True,False,https://news.google.com/rss/articles/CBMiVkFVX3lxTE91bTd4UUJoZ2M4c1BSZVhCNGdZS0s1S0FWbXhqY00zQVRnbF9JQ2JsNW8yNVItYi0xT251ai02M0Z1cHEwaGJBbWp3QkxFVmNWck10enZ3?oc=5,https://zdnet.co.kr/view?no=20260528151529,47.5,aidc_datacenter,aidc_national_center,2026-05-28,url_date,original_date_recent,4,140.7,13
경쟁사_해외이슈,경쟁사/해외이슈,네이버,"네이버·우버, 배민 지분확보 검토…커머스·배달 시너지 주목",연합뉴스,연합뉴스,"Wed, 27 May 2026 10:16:29 GMT","Wed, 27 May 2026 10:16:29 GMT","네이버·우버, 배민 지분확보 검토…커머스·배달 시너지 주목 연합뉴스","네이버가 우버와 함께 배달 애플리케이션 배달의민족 운영사 우아한형제들 지분 확보를 검토 중인 것으로 알려졌다. 네이버가 배달의민족 지분 확보에 관심을 보이는 것은 커머스 경쟁력 강화를 위한 포석으로 풀이된다. 실제 네이버가 배달의민족 지분을 인수하면 음식 배달 인프라뿐 아니라 배달 서비스를 통한 물류망까지 확보할 수 있기 때문이다. 전체 내용을 이해하기 위해서는 기사 본문과 함께 읽어야 합니다. 송고 2026년05월27일 19시16분 네이버가 우버와 함께 배달 애플리케이션 배달의민족 운영사 우아한형제들 지분 확보를 검토 중인 것으로 알려졌다. 네이버가 배달의민족 지분 확보에 관심을 보이는 것은 커머스 경쟁력 강화를 위한 포석으로 풀이된다. 실제 네이버가 배달의민족 지분을 인수하면 음식 배달 인프라뿐 아니라 배달 서비스를 통한 물류망까지 확보할 수 있기 때문이다. (서울=연합뉴스) 한상용 기자 = 네이버가 우버와 함께 배달 애플리케이션 배달의민족(배민) 운영사 우아한형제들 지분 확보를 검토 중인 것으로 알려졌다. 27일 정보기술(IT)과 투자은행(IB) 업계에 따르면 배달의민족을 보유한 독일 딜리버리히어로(DH)는 JP모건을 매각 주관사로 선정하고 국내외 주요 기업과 사모펀드 등에 인수 의사를 타진한 것으로 전해졌다. 업계에서는 네이버가 우버와 컨소시엄을 구성해 우아한형제들 일부 지분 확보에 나설 가능성이 제기된다. 네이버가 배달의민족 지분 확보에 관심을 보이는 것은 커머스 경쟁력 강화를 위한 포석으로 풀이된다. 실제 네이버가 배달의민족 지분을 인수하면 음식 배달 인프라뿐 아니라 배달 서비스를 통한 물류망까지 확보할 수 있기 때문이다. 네이버 쇼핑·플러스 멤버십·네이버페이 등 기존 서비스와 결합할 경우 생활 밀착형 서비스 영역을 넓힐 수 있다는 분석도 나온다. 네이버는 최근 커머스와 멤버십, 콘텐츠, 모빌리티 등 다양한 생활 서비스를 네이버 앱 안으로 끌어들이는 전략을 강화하고 있다. 또한 네이버는 컬리와 협업해 네이버플러스 스토어에서 '컬리N마트'를 선보이며 신선식품과 새벽 배송 영역을 보강했다. 일각에서는 네이버가 검색과 쇼핑, 결제, 콘텐츠, 모빌리티, 배달 서비스를 아우르는 '슈퍼앱' 전략에 속도를 내고 있다는 해석이 나온다. 다만 네이버는 배달의민족 인수설에 대해 ""사업 경쟁력 강화를 위해 다양한 방안을 검토 중이나 현재 구체적으로 결정된 바는 없다""는 입장이다. 네이버는 구체적인 사안이 확정되는 시점에 관련 내용을 공지할 것으로 보인다. 투자은행 업계에서는 딜리버리히어로 측 희망 매각가가 최대 8조원 수준으로 거론되고 있다. 앞서 네이버는 지난해 10월 우버와 전략적 제휴를 맺고 네이버플러스 멤버십 이용자들이 우버의 유료 멤버십 서비스 '우버 원'을 이용할 수 있도록 한 바 있다. gogo213@yna.co.kr",1377,trafilatura,70.0,good,32.5,True,True,https://news.google.com/rss/articles/CBMiW0FVX3lxTE9MQTVtaFRJUzBVYlFKdlpaY3NGY29IelBXS1Q2UVc1bWdQdVE2eVlfR1h1UFdPU3FLUXdma2sxdENCdlk5bEZwNWU3ZDlxR09paHFtWU9sOWlua2PSAWBBVV95cUxOQmJUcGZubFozbzFnbTkycDdHNExabEpPLVFZSGRJWTlrVUItakVXVXNuTTNIWjRDay1qSHdXaGZybmlXSmpTRW5ELW1EV0U0T09lOHdGQWt6aHpPaXE4ajk?oc=5,https://www.yna.co.kr/view/AKR20260527158300017,46.5,search_ads,,2026-05-27,json_ld:datePublished,original_date_recent,11,145.75,14
경쟁사_해외이슈,경쟁사/해외이슈,오픈AI,"챗GPT 왜 이렇게 느려졌나…오픈AI, 결국 장애 조사 착수",네이트,네이트,"Thu, 28 May 2026 04:33:00 GMT","Thu, 28 May 2026 04:33:00 GMT","챗GPT 왜 이렇게 느려졌나…오픈AI, 결국 장애 조사 착수 네이트","디지털투데이 원문 기사전송 2026-05-28 13:33 기사 제목과 본문 내용을 자동 요약한 내용입니다. 전체 내용을 이해하기 위해서는 기사 본문 전체를 확인하는 것이 더 좋습니다. [디지털투데이 AI리포터] 오픈AI가 챗GPT와 API에서 발생한 응답 지연 문제를 조사하고 있다. 27일(현지시간) IT매체 나인투파이브맥에 따르면 오픈AI는 현재 챗GPT와 API 전반에서 발생한 응답 지연 증가 현상을 확인하고 원인 파악에 들어갔다. 이번 문제는 이용자가 체감하는 서비스 성능 저하와 직결된 사안이다. 실제로 최근 챗GPT 응답 속도가 평소보다 느려졌다는 이용자 반응이 이어졌고, 오픈AI도 시스템 상태 페이지를 통해 관련 장애를 공식 공개했다. 회사는 챗GPT와 API에서 지연 시간이 증가하고 있다고 설명했다. 영향 범위는 일반 이용자용 챗GPT에 그치지 않았다. 개발자와 기업이 사용하는 API까지 같은 문제 영향권에 포함되면서, 대화형 서비스뿐 아니라 외부 애플리케이션 연동 환경에서도 속도 저하가 발생할 가능성이 제기됐다. 다만 구체적인 원인이나 정상화 시점은 아직 공개하지 않았다. 오픈AI는 이와 별도로 연방 위험 및 권한 관리 프로그램(FedRAMP) 이용자 대상 문제도 함께 모니터링하고 있다고 밝혔다. 해당 사안에 대해서는 ""수정 조치를 적용했다""라고 설명했지만, 상태 점검은 계속 진행 중이라고 덧붙였다. 이는 일반 챗GPT·API 지연 문제와는 별도로 관리되는 이슈라는 점도 함께 드러났다. 이용자 입장에서는 이번 문제가 단순 접속 불가보다는 응답 속도 저하 형태로 나타날 가능성이 크다. 질문 입력 후 답변 생성까지 시간이 길어지거나, API 호출 응답이 평소보다 늦어지는 식이다. 오픈AI가 현재 ""조사 중""이라는 입장을 유지하고 있는 만큼, 이용자들은 상태 페이지를 통해 실시간 상황을 확인할 필요가 있는 상태다. 이번 공지는 오픈AI가 최근 챗GPT 기능 확장과 서비스 범위 확대를 이어가는 가운데 나왔다. 사용량이 늘어날수록 일시적인 성능 저하도 일반 이용자와 개발자 환경에 동시에 영향을 줄 가능성이 커진다. 특히 API는 다양한 외부 서비스의 기반 기능으로 활용되는 만큼, 지연 문제가 이어질 경우 연동 서비스 전반의 체감 성능에도 영향을 줄 수 있다. 현재까지 공개된 공식 입장은 조사 진행과 일부 별도 환경에 대한 수정 조치 적용 수준에 머물러 있다. 오픈AI는 챗GPT와 API의 응답 지연 증가 문제를 계속 조사 중이며, FedRAMP 이용자 대상 별도 이슈에는 수정 조치를 적용했다고 밝혔다.",1254,bs4_selector,68.0,good,26.5,True,False,https://news.google.com/rss/articles/CBMiU0FVX3lxTE1KaE1tc2ZCaTFzWE5XR01OX0x1Vm9RUm02WVh6NzF4dGNUcndKOTZYVDhFRjYxaXpvLXJPNGRscWhmQmptM2JBMFN6QTR3WkpTZ3lZ?oc=5,https://news.nate.com/view/20260528n18188,46.5,,,2026-05-28,url_date,original_date_recent,3,115.75,15
산업동향,산업동향,플랫폼 규제,몸값 8조 배달의민족 매각설...네이버·우버 연합 인수 가능성에 플랫폼 시장 재편 촉각,중앙이코노미뉴스,중앙이코노미뉴스,"Wed, 27 May 2026 23:00:00 GMT","Wed, 27 May 2026 23:00:00 GMT",몸값 8조 배달의민족 매각설...네이버·우버 연합 인수 가능성에 플랫폼 시장 재편 촉각 중앙이코노미뉴스,"[중앙이코노미뉴스 윤남웅] 네이버가 배달의민족 운영사 우아한형제들 지분 인수를 검토하는 것으로 알려지면서 국내 배달 플랫폼 시장이 다시 거대한 재편 국면에 들어가고 있다. 단순 투자 검토를 넘어 검색·쇼핑·결제 중심이던 네이버가 배달과 도심 물류까지 손에 넣으며 쿠팡식 '생활형 슈퍼앱' 전략에 본격적으로 시동을 거는 것 아니냐는 해석까지 나온다. 동시에 배달의민족 매각설 뒤에는 독일 딜리버리히어로(DH)의 재무 부담과 글로벌 사업 재편 압박이 자리하고 있다는 분석도 함께 제기된다. 28일 투자은행(IB) 업계에 따르면 DH는 최근 JP모건을 매각 주관사로 선정하고 국내외 기업과 사모펀드 등을 대상으로 우아한형제들 지분 매각 가능성을 타진 중인 것으로 알려졌다. 시장에서는 네이버가 글로벌 모빌리티 플랫폼 우버와 손잡고 컨소시엄 형태로 일부 지분 확보에 나설 가능성이 거론된다. 업계 관심이 쏠리는 이유는 단순 배달앱 인수 이상의 의미가 있기 때문이다. 네이버가 배민 지분 확보에 성공할 경우 음식 배달뿐 아니라 즉시배송·도심 물류·퀵커머스·생활형 멤버십 데이터까지 한 번에 확보할 수 있게 된다. 네이버쇼핑과 네이버플러스 멤버십, 네이버페이, 예약·지도 서비스와 결합할 경우 플랫폼 체류시간 확대 효과도 기대된다. 최근 네이버 행보 역시 이런 방향성과 맞닿아 있다. 네이버는 컬리와 협업해 네이버플러스 스토어 내 '컬리N마트'를 선보이며 신선식품과 새벽배송 경쟁력 강화에 나섰고, 커머스·AI·멤버십 중심의 생활형 플랫폼 전략을 지속 확대하고 있다. 업계에서는 배민까지 연결될 경우 네이버가 검색 플랫폼을 넘어 사실상 생활 인프라 플랫폼으로 진화하게 된다는 평가가 나온다. 플랫폼 업계 관계자는 ""배민은 단순 음식 배달앱이 아니라 전국 단위 도심 물류망과 생활 소비 데이터를 동시에 가진 플랫폼""이라며 ""네이버 입장에서는 쿠팡식 생태계 경쟁에 대응하기 위한 마지막 퍼즐에 가까울 수 있다""고 말했다. 다만 시장에서는 딜리버리히어로가 배민 매각을 검토하는 배경에도 주목하고 있다. DH는 최근 글로벌 사업 구조조정과 재무 부담 완화 작업을 동시에 진행 중이다. 행동주의 펀드 압박과 수익성 개선 요구가 이어지는 가운데 대만 푸드판다 사업 매각 작업도 병행하고 있다. 업계에서는 배민이 DH 보유 자산 가운데 가장 높은 기업가치를 인정받는 핵심 카드라는 분석이 나온다. 현재 투자은행 업계에서 거론되는 배민 희망 매각가는 최대 8조원 수준이다. 다만 일각에서는 배달시장 성장 둔화와 자영업자 수수료 논란, 플랫폼 규제 강화 흐름 등을 감안하면 가격 부담이 상당하다는 시각도 존재한다. 최근 쿠팡이츠가 무료배달 정책을 앞세워 공격적으로 점유율을 확대하고 있는 점 역시 변수로 꼽힌다. 이번 거래가 현실화될 경우 공정거래위원회 심사 역시 핵심 변수가 될 전망이다. 앞서 2020년 DH의 배민 인수 당시 공정위는 독과점 우려를 이유로 요기요 매각을 조건으로 내건 바 있다. 이번에는 네이버가 검색·쇼핑·광고·결제 영향력까지 보유하고 있다는 점에서 플랫폼 지배력 논란이 다시 불거질 가능성이 크다. 특히 현 정부 들어 플랫폼 규제 강화 기조가 이어지고 있는 만큼 기업결합 심사 과정이 예상보다 길어질 수 있다는 전망도 나온다. 업계 안팎에서는 네이버가 공정위 부담을 줄이기 위해 경영권 전체 인수보다 일부 전략적 지분 투자 형태를 검토할 가능성도 거론된다. 네이버는 이와 관련해 ""사업 경쟁력 강화를 위해 다양한 방안을 검토 중이나 현재 구체적으로 결정된 바는 없다""는 입장을 밝혔다. 업계에서는 이번 논의가 단순 M&A를 넘어 국내 플랫폼 시장의 주도권 경쟁을 다시 흔드는 계기가 될 수 있다는 관측이 나온다. 플랫폼 업계 관계자는 ""이제 플랫폼 경쟁은 검색이나 쇼핑만으로 끝나는 시대가 아니다""라며 ""배달과 물류, 멤버십, 결제, 콘텐츠까지 얼마나 하나의 앱 안에서 연결하느냐가 핵심 경쟁력이 되고 있다""고 말했다. 윤남웅 기자 popo@joongangenews.com 정용진 사과에도 스타벅스 '탱크데이' 논란 진실은 안갯속...기획팀 휴대폰 3대 못 열었다 [다시뛰는 삼성전자]① 영업이익 N% 성과급 논란 지속...내부선 DS·DX 노조 균열 정신아 대표 AI 승부 한창에...카카오 노조 ""영업이익 14% 성과급"" 주장 총파업 압박 [속보] 삼성전자 노조 임단협 찬반투표 종료...10시 30분 발표 예정 정용진 사과에도 스타벅스 84억원 증발...'탱크데이' 후폭풍 숫자로 터졌다 삼성 총파업 막았더니 노조 쪼개졌다...초기업노조 '7만 과반' 붕괴 위기 ""DS 성과급 6억원 vs DX 자사주 600만원?"" 삼성 노조 내부 균열·주주단체 반발(종합) 정용진 사과에도 스타벅스 '탱크데이' 논란 진실은 안갯속...기획팀 휴대폰 3대 못 열었다 정용진 사과에도 스타벅스 '탱크데이' 논란 진실은 안갯속...기획팀 휴대폰 3대 못 열었다 [다시뛰는 삼성전자]① 영업이익 N% 성과급 논란 지속...내부선 DS·DX 노조 균열 정신아 대표 AI 승부 한창에...카카오 노조 ""영업이익 14% 성과급"" 주장 총파업 압박 [속보] 삼성전자 노조 임단협 찬반투표 종료...10시 30분 발표 예정 정용진 사과에도 스타벅스 84억원 증발...'탱크데이' 후폭풍 숫자로 터졌다 삼성 총파업 막았더니 노조 쪼개졌다...초기업노조 '7만 과반' 붕괴 위기 ""DS 성과급 6억원 vs DX 자사주 600만원?"" 삼성 노조 내부 균열·주주단체 반발(종합) 정용진 사과에도 스타벅스 '탱크데이' 논란 진실은 안갯속...기획팀 휴대폰 3대 못 열었다 [다시뛰는 삼성전자]① 영업이익 N% 성과급 논란 지속...내부선 DS·DX 노조 균열 정신아 대표 AI 승부 한창에...카카오 노조 ""영업이익 14% 성과급"" 주장 총파업 압박 [속보] 삼성전자 노조 임단협 찬반투표 종료...10시 30분 발표 예정 정용진 사과에도 스타벅스 84억원 증발...'탱크데이' 후폭풍 숫자로 터졌다 삼성 총파업 막았더니 노조 쪼개졌다...초기업노조 '7만 과반' 붕괴 위기 ""DS 성과급 6억원 vs DX 자사주 600만원?"" 삼성 노조 내부 균열·주주단체 반발(종합) [르포] 냉장 코너엔 후라이팬, 꺼진 에어컨...홈플러스 신도림점서 감지된 '붕괴' 신호 대한전선 임직원 LS전선 해저케이블 영업비밀 취득 혐의 송치...전선업계 법적 공방 본격화 김정관 산업장관 “올해 수출 9000억달러 전망”...수출 5강 진입 자신감 몸값 8조 배달의민족 매각설...네이버·우버 연합 인수 가능성에 플랫폼 시장 재편 촉각 정신아 대표 AI 승부 한창에...카카오 노조 ""영업이익 14% 성과급"" 주장 총파업 압박 고려아연 흔들기 3년째...영풍·MBK, 법원 절차도 공격 수단으로 쓰나 [르포] 냉장 코너엔 후라이팬, 꺼진 에어컨...홈플러스 신도림점서 감지된 '붕괴' 신호 대한전선 임직원 LS전선 해저케이블 영업비밀 취득 혐의 송치...전선업계 법적 공방 본격화 김정관 산업장관 “올해 수출 9000억달러 전망”...수출 5강 진입 자신감 몸값 8조 배달의민족 매각설...네이버·우버 연합 인수 가능성에 플랫폼 시장 재편 촉각 고려아연 흔들기 3년째...영풍·MBK, 법원 절차도 공격 수단으로 쓰나",3506,bs4_selector,68.0,good,66.5,True,False,https://news.google.com/rss/articles/CBMickFVX3lxTE5iZjJfYkpudWFKVExObnZVM1k3UXlPUVRGZmxOcW85eF9YQlp5RkstUnVYQ2JObkJ1RXpTTzhZcDRudzlsc2pQUjlqUllXTTd4ZnE1dURzR21OT0R1TnM3cGFOUFdJQzlEN09ydFFMV3hzUQ?oc=5,https://www.joongangenews.com/news/articleView.html?idxno=522049,54.5,"antitrust_platform,labor_dispute,search_ads",labor_general,2026-05-28,json_ld:datePublished,original_date_recent,3,157.75,16
