kind,order,issue_id,category,priority,best_article_id,backup_article_ids,reason,issue_group,issue_family,internal_category,issue_score,titles
selected,1,I001,자사_및_계열사_이슈,5,3,"81,4,73,56,33,39",노조의 파업 예고는 인력 운용 및 기업 이미지에 직접적인 영향을 미치는 중대 리스크. 경영진의 즉각적인 상황 인지와 대응 방향 논의가 필요함.,카카오 노조 임단협/파업 및 내부 갈등,노동/파업,SELF_DIRECT_RISK,382.0,[기자수첩] 명분만으론 부족한 카카오의 첫 파업 | 엔비디아 업은 네이버 웃고…파업 리스크 카카오 울고 | 카카오 파업 현실화·셀트리온 첫 노조 출범
selected,2,I006,자사_및_계열사_이슈,4,64,"67,10,82,61,63,1228",이재승 부사장의 제주지사직 인수위원 참여는 지역 사회와의 협력 관계 강화 및 카카오의 대외 영향력을 보여주는 긍정적 사례. 지역 기반 사업 및 정책 협력에 참고가 됨.,AI 정책 컨트롤타워 인선/공백,인선/조직,SELF_DIRECT_RISK,280.0,위성곤 제주지사 인수위 '김일환 전 총장·이재승 카카오 부사장' 투톱 체제 | 위성곤 제주지사 인수위 '김일환 전 총장·이재승 카카오 부사장' 투톱 체제 | 제주대 김일환·카카오 이재승 위성곤 당선인 인수위 가동
selected,3,I028,정부_국회,5,526,,"금융권의 AI 활용에 대한 규제 논의는 카카오뱅크, 카카오페이 등 금융 계열사의 AI 도입 및 서비스 개발에 직접적인 영향을 미치는 핵심 정책 이슈. '모형위험관리' 체계 확장 방향에 주목 필요.",금융권 AI 규제,금융 AI,GOV_AI_DIGITAL_POLICY,188.5,"""금융권 AI 규제, 기존 '모형위험관리' 체계 확대해야"""
selected,4,I095,정부_국회,4,161,,'K-피지컬 AI 특별법' 발의는 정부의 AI 하드웨어 및 인프라 육성 의지를 보여주는 정책. 국내 AI 생태계 변화와 인프라 확보 전략 수립에 있어 중요한 정부 동향임.,K-피지컬AI 특별법 발의,K-피지컬AI 특별법,GOV_AI_DIGITAL_POLICY,121.5,"젠슨 황이 눈독 들이는 'K-피지컬AI 특별법' 발의…생태계 지원 속도 낼까 [주목, 이 주의 법안]"
selected,5,I094,정부_국회,4,1291,,"미국에서 초당적으로 발의된 AI 규제 법안은 글로벌 AI 거버넌스의 향방을 가늠할 중요한 바로미터. 카카오의 글로벌 AI 전략 및 서비스 안전성 확보, 규제 준수 방안 수립에 핵심 참고 자료.",미국 거대 AI 법안 초안 공개,미국 AI 법안,GOV_AI_DIGITAL_POLICY,121.5,"美, 초당적 ‘거대 AI 법안’ 초안 공개… 프런티어 개발사 6개월 감사·주(州) 규제 3년 동결"
selected,6,I002,경쟁사_해외이슈,5,1661,"2187,215,256,1219,1204,1656,196,1192,1223",네이버의 엔비디아 협력 기반 AIDC 전략과 LGU+의 수도권 최대 AIDC 구축 계획은 국내 AI 인프라 경쟁이 본격화됨을 시사. 카카오의 AI 데이터센터 및 GPU 확보 전략에 대한 직접적인 비교/검토가 필요함.,국가 AI 인프라/AIDC/GPU 정책,AI 인프라,COMPETITOR_AI_STRATEGY,350.0,"AIDC 매출 향후 5조 달성 목표…LGU+, 수도권 최대 AI 데이터센터 승부수(종합) | [AI 데이터센터의 탄소중립과 RE100, 빅테크 기업들이 실질적으로 실천하는 이유] 이는 곧 AI 서비스 제공 능력과 시장 점유율로 직결된다. 빅테크 기업들에게 탄소중립과 RE100은 선택이 아닌 AI 시대 생존을 위한 필수 전략 | [AI 고속도로] 네이버-엔비디아, 초대형 AI 인프라 '동맹'…유럽·중동 소버린 공략한다"
selected,7,I023,경쟁사_해외이슈,5,1438,,경쟁사인 네이버웹툰이 상장 직후 집단소송에 직면한 것은 플랫폼 기업의 IPO 관련 법적 리스크를 명확히 보여주는 사례. 향후 카카오엔터테인먼트 등 계열사 상장 추진 시 리스크 관리의 중요성을 시사함.,네이버웹툰 IPO 후 집단소송,플랫폼 IPO,COMPETITOR_PLATFORM_RISK,209.25,[네이버웹툰 상장분쟁①] 부실 IPO 후폭풍?…상장 3개월 만에 집단소송 피소
selected,8,I015,경쟁사_해외이슈,4,1750,1811,"토스뱅크가 개인사업자 대상 '소득 순위' 비교 서비스를 출시함. 이는 데이터 기반의 개인화 금융 서비스 경쟁이 심화되고 있음을 보여주며, 카카오뱅크의 사업자 뱅킹 서비스 전략에 참고가 됨.",토스뱅크 사업자 소득 순위 서비스,금융 서비스,SELF_AFFILIATE_BUSINESS,228.5,"“내 가게 매출, 동종업계 몇 %?”…토스뱅크, 사장님 ‘사업소득 순위’ 론칭 | “내 가게 매출, 동종업계 몇 %?”…토스뱅크, 사장님 ‘사업소득 순위’ 론칭"
selected,9,I032,경쟁사_해외이슈,4,1939,1927,오픈AI가 챗GPT를 'AI 에이전트'와 '슈퍼앱'으로 개편하는 것은 AI 시장의 기술 및 서비스 발전 방향을 제시하는 핵심 동향. 카카오의 AI 에이전트 및 카톡 AI 전략 수립에 있어 가장 중요한 해외 경쟁사 동향임.,오픈AI 챗GPT 개편,AI 기업,COMPETITOR_AI_STRATEGY,169.75,"오픈AI, IPO 앞두고 챗GPT 대수술…""코딩·AI에이전트 합친 '슈퍼앱' 선보여"" | 앤트로픽 의식했나…IPO 앞둔 오픈AI, 챗GPT ‘슈퍼앱’ 개편"
selected,10,I003,자사_및_계열사_이슈,5,60,,로컬 보조 라벨,global_incident:leadership_service:kakao:leadership_service,self_leadership_service,SELF_DIRECT_RISK,349.0,강정범 전남창조경제혁신센터 대표이사(오른쪽)가 카카오모빌리티와 지역 오픈이노베이션 생태계 조성 MOU 체결 모습.
selected,11,I033,자사_및_계열사_이슈,4,44,,카카오뱅크의 사회공헌 활동은 카카오의 긍정적인 기업 이미지 구축 및 사회적 책임 이행 측면에서 참고할 가치가 있음.,"카카오뱅크, 소외계층 위한 '온기 나눔'",카카오뱅크 사회공헌,SELF_AFFILIATE_BUSINESS,169.5,"금융 넘어 문화예술로 영토 넓힌다…카카오뱅크, 소외계층 위한 '온기 나눔'"
selected,12,I087,자사_및_계열사_이슈,1,46,,"카카오 금융 서비스 부문과 직접 관련된 포용금융 및 ESG 강화 동향으로, 경쟁사들의 움직임을 파악하는 데 중요.",금융권 포용금융 및 ESG 강화,금융 서비스,SELF_AFFILIATE_BUSINESS,125.75,"[주목! e금융] 신한·KB국민·카카오·하나금융·우리금융...""포용금융에 ESG 더했다"""
selected,13,I025,산업동향,3,2258,,로컬 보조 라벨,industry_structural_change:3d 보안 인증 시장은 2035년까지 cagr 17 92 로 성장할 것입니다,industry_structural_change,INDUSTRY_STRUCTURAL_CHANGE,194.5,3D 보안 인증 시장은 2035년까지 CAGR 17.92%로 성장할 것입니다.
selected,14,I111,산업동향,1,2214,,AI 에이전트 기술의 발전 및 산업 적용 동향은 카카오의 AI 서비스 경쟁력 확보와 신규 사업 기회 발굴에 중요합니다.,AI 에이전트 대전환,AI 기술 동향,GOV_AI_DIGITAL_POLICY,107.5,"[D-BIZ 글로벌 동향] “AI, 단순 명령 넘어 스스로 추론한다”... 제4회 텐진 국제 해운 박람회서 ‘AI 에이전트’ 대전환 주목"
backup,1,I042,경쟁사_해외이슈,4,798,,SKT의 개인정보 유출 사고는 국내 대형 플랫폼의 정보보호 리스크 및 사후 재무 부담을 보여주는 직접적인 사례. 카카오의 개인정보보호 체계 및 위기대응 시스템 점검의 필요성을 환기시킴.,SK텔레콤 개인정보 유출 후폭풍,개인정보/보안,COMPETITOR_PLATFORM_RISK,155.5,"개인정보 유출 '후폭풍'…SK텔레콤, 수익성·현금흐름 악화에 재무부담 '삼중고'"
backup,2,I030,정부_국회,4,590,532,디지털자산기본법의 입법 지연은 국내 가상자산 시장의 규제 불확실성을 지속시키는 요인. 카카오의 디지털자산 관련 사업의 중장기 전략 및 리스크 평가에 영향을 미침.,디지털자산기본법 입법 지연,디지털자산/규제,GOV_PLATFORM_REGULATION,179.0,"디지털자산기본법 입법 지연 불구 금융사들 선점 나선 이유는 | 엠블록 | 지선 끝났는데 또 미뤄진 디지털자산기본법…업계 ""답답함 넘어 분통"""
