issue_id,issue_group,issue_family,internal_category,primary_category,self_tier,gov_tier,competitor_tier,competitor_scope,issue_score,max_ceo_priority,max_pa_priority,max_relevance,article_count,top_article_id,candidate_article_ids,titles,sources,company_impact,label_reasons,is_pr,exclude
I001,카카오 노조 임단협/파업 및 내부 갈등,노동/파업,SELF_DIRECT_RISK,자사_및_계열사_이슈,DIRECT_RISK,,COMP_DOMESTIC_AI_PLATFORM,other,382.0,5,5,5,7,3,"3,81,4,73,56,33,39","[기자수첩] 명분만으론 부족한 카카오의 첫 파업 | 엔비디아 업은 네이버 웃고…파업 리스크 카카오 울고 | 카카오 파업 현실화·셀트리온 첫 노조 출범 | [이슈] 카카오노조, '엑스엘게임즈' 희망퇴직에 반발하며 파업 예고 | ""정신아 대표도 리더십 실패""…첫 파업 앞둔 카카오 노조, 압박 수위↑",딜사이트 | 메트로신문 | 시사뉴스 | 인벤 | 네이트,"카카오 또는 계열사에 직접 발생한 외부 대응 필요 이슈 / 네이버가 엔비디아와의 협력을 통해 AI 데이터센터 사업에 속도를 내는 것은 카카오의 AI 인프라 경쟁력 확보 노력에 전략적 참고가 될 수 있습니다. / 카카오 노조가 6월 10일 4시간 부분 파업을 예고하여 서비스 운영 및 대외 이미지에 영향을 줄 수 있습니다. / 엑스엘게임즈의 희망퇴직에 대한 카카오 노조의 반발은 카카오 전체의 노동 이슈를 복합적으로 보여주며, 파업 강도 및 시위에 영향을 줄 수 있습니다. / 카카오 노조가 정신아 대표의 리더십 실패를 언급하며 압박 수위를 높이는 것은 파업의 명분과 파급력","로컬 보조 라벨 / 국내 주요 경쟁사의 AI 인프라 강화 전략은 카카오의 AI 사업 경쟁력에 직접적인 영향을 미칠 수 있습니다. / 카카오 노조의 파업 예고는 경영진의 즉각적인 인지와 대응이 필요한 직접적인 리스크입니다. / 카카오 노조의 파업과 연계된 계열사 이슈로, 직접적인 리스크로 판단됩니다. / 카카오 노조의 파업 관련 직접적인 비판과 압박 내용으로, 경영진의 인지가 필요한 사안입니다.",False,False
I002,국가 AI 인프라/AIDC/GPU 정책,AI 인프라,COMPETITOR_AI_STRATEGY,경쟁사_해외이슈,STRATEGIC_REFERENCE,GOV_AI_CORE_POLICY,COMP_DOMESTIC_AI_PLATFORM,domestic,350.0,4,4,3,35,1661,"1661,2187,215,256,1219,1204,1656,196,1192,1223","AIDC 매출 향후 5조 달성 목표…LGU+, 수도권 최대 AI 데이터센터 승부수(종합) | [AI 데이터센터의 탄소중립과 RE100, 빅테크 기업들이 실질적으로 실천하는 이유] 이는 곧 AI 서비스 제공 능력과 시장 점유율로 직결된다. 빅테크 기업들에게 탄소중립과 RE100은 선택이 아닌 AI 시대 생존을 위한 필수 전략 | [AI 고속도로] 네이버-엔비디아, 초대형 AI 인프라 '동맹'…유럽·중동 소버린 공략한다 | 유료방송 정체…SK브로드밴드, AIDC서 답 찾는다 | 엔비디아-SK그룹, '깐부' 구체화...SK하이닉스 '메모리' 이어 SKT 'AIDC' 협력",네이트 | AI넷 | 지디넷코리아 | 메트로신문 | 테크M,"LGU+의 AI 데이터센터 사업 추진은 국내 AI 인프라 경쟁 심화를 예고하며, 카카오의 AI 서비스 경쟁력 확보 전략에 참고가 될 수 있습니다. / 빅테크 기업의 AI 데이터센터 탄소중립 및 RE100 실천은 글로벌 AI 인프라 구축의 지속가능성 측면에서 참고할 만하며, 카카오의 ESG 경영 전략과 연관될 수 있음. / 네이버와 엔비디아의 AI 인프라 동맹은 국내 AI 클라우드 시장 경쟁 환경에 영향을 미치며, 카카오의 AI 인프라 전략에 시사점을 줌. / SK브로드밴드의 AIDC 사업 강화는 국내 데이터센터 시장 경쟁 심화를 보여주며, 카카오의 인프라 전략에 참고",국내 경쟁사의 AI 인프라 사업 확대는 카카오의 AI 사업 경쟁력에 직접적인 영향을 미칠 수 있습니다. / 글로벌 빅테크 기업의 ESG 경영 강화 동향은 카카오의 ESG 전략 수립 및 투자 결정에 중요한 참고 자료가 될 수 있어 포함함. (낮은 우선순위) / 국내 AI 인프라 구축 경쟁 심화는 카카오의 AI 사업 경쟁력에 직접적인 영향을 미치므로 중요하게 분류됨. / v23_category_reassign:government_without_policy_basis / 데이터센터 시장의 주요 플레이어 동향은 카카오의 AI 인프라 투자 및 사업화 전략 수립에 중요한 참고 자료가 됨. / v23_category_reassign:governmen,False,False
I003,global_incident:leadership_service:kakao:leadership_service,self_leadership_service,SELF_DIRECT_RISK,자사_및_계열사_이슈,DIRECT_RISK,,,other,349.0,5,5,5,1,60,60,강정범 전남창조경제혁신센터 대표이사(오른쪽)가 카카오모빌리티와 지역 오픈이노베이션 생태계 조성 MOU 체결 모습.,전자신문,카카오 또는 계열사에 직접 발생한 외부 대응 필요 이슈,로컬 보조 라벨,False,False
I004,global_incident:digital_asset_policy:digital_asset_sector:digital_asset_policy,government_regulatory_enforcement,GOV_PLATFORM_REGULATION,정부_국회,,GOV_REGULATORY_ENFORCEMENT,,other,312.5,4,5,4,3,800,"800,588,793","선거 후 국회 원 구성 속도… 가상자산·특사경 입법 속도낼까 - 조선비즈 | 지선 끝났는데 또 미뤄진 디지털자산기본법…업계 ""답답함 넘어 분통"" | 가상자산 거래소 사고 빈발…보상 기준도 제각각",Chosunbiz | 네이트 | 스페셜경제,카카오 플랫폼·AI·대관 대응 경로에 영향을 줄 수 있는 정책/감독 이슈,로컬 보조 라벨,False,False
I005,AI 기업 지분 관련 정책 논의,AI/정책,COMPETITOR_AI_STRATEGY,경쟁사_해외이슈,STRATEGIC_REFERENCE,,COMP_OVERSEAS_PLATFORM_AI,overseas,301.5,5,5,1,3,86,"86,1959,1938","[자막뉴스] 트럼프 ""AI 기업 지분 일부, 미국 국민에게""…다음 주 백악관 회의 예고 | 트럼프 ""AI 성공 과실, 국민과 공유해야""…오픈AI 지분 취득 방안 검토 | 트럼프 ＂AI 성공 과실, 국민과 공유해야＂…오픈AI 지분 취득 방안 검토",네이트 | 네이트 | 알파경제,"트럼프 전 대통령의 AI 기업 지분 일부 공개 및 백악관 회의 언급은 향후 AI 산업의 정책 방향 및 투자 환경에 영향을 미칠 수 있으며, 카카오의 AI 전략 수립 시 참고가 될 수 있습니다.",미국 대선 후보의 AI 정책 관련 발언은 글로벌 AI 시장 및 규제 환경 변화에 대한 전략적 참고 자료입니다.,False,False
I006,AI 정책 컨트롤타워 인선/공백,인선/조직,SELF_DIRECT_RISK,자사_및_계열사_이슈,STRATEGIC_REFERENCE,GOV_AI_CORE_POLICY,,other,280.0,5,2,3,7,64,"64,67,10,82,61,63,1228","위성곤 제주지사 인수위 '김일환 전 총장·이재승 카카오 부사장' 투톱 체제 | 위성곤 제주지사 인수위 '김일환 전 총장·이재승 카카오 부사장' 투톱 체제 | 제주대 김일환·카카오 이재승 위성곤 당선인 인수위 가동 | 위성곤 당선인, 제주대 김일환·카카오 이재승 투톱 인수위 가동 | 위성곤 당선인, 제주대 김일환·카카오 이재승 투입 인수위 가동",뉴스1 | 파이낸셜뉴스 | 서귀포신문 | 제주환경일보 | 제주도민일보,카카오 이재승 부사장이 위성곤 제주지사 당선인의 인수위 투톱으로 참여하는 것은 지역 사회에서의 카카오의 영향력과 인적 네트워크 확장을 시사합니다. / 정부의 공공 AI 및 한국형 AI 모델 육성 정책 방향을 파악하여 카카오의 AI 전략 수립에 참고할 수 있음.,"카카오 임원의 지역 정치권과의 협력은 직접적인 리스크는 아니지만, 향후 사업 확장 및 대관 측면에서 전략적 참고가 가능합니다. / 정부의 AI 정책 방향은 카카오와 같은 국내 주요 AI 기업의 발전 환경에 직접적인 영향을 미치므로 중요하게 분류됨.",False,False
I007,가상자산 이전거래/AML 규제 조정,self_strategic_reference,SELF_AFFILIATE_BUSINESS,자사_및_계열사_이슈,STRATEGIC_REFERENCE,GOV_REGULATORY_ENFORCEMENT,COMP_GENERAL_LOW_RELEVANCE,other,277.0,4,3,4,2,527,"527,2092","1000만원 일괄보고 철회했지만…AML 책임 커진 가상자산 거래소 | ""글로벌 주요국, 가상자산 트래블룰 금액 폐지•해외 사업자 AML 평가 추세""",v.daum.net | 디지털애셋,카카오 현직자가 사업 방향과 외부 질의 가능성을 참고할 실질 변화 / 카카오의 가상자산 관련 사업(예: 클레이) 또는 투자에 영향을 미칠 수 있는 글로벌 규제 동향이므로 주목할 필요가 있음.,로컬 보조 라벨 / 글로벌 가상자산 규제 동향은 카카오의 관련 사업 및 투자에 직접적인 영향을 미칠 수 있는 중요한 이슈임.,False,False
I008,global_incident:digital_asset_policy:digital_asset_sector:stablecoin_policy,government_digital_finance_policy,GOV_FINANCIAL_DIGITAL_POLICY,정부_국회,,GOV_DIGITAL_FINANCE_POLICY,,other,237.5,3,4,3,1,595,595,[거래소 격변②] 발행 너머 ‘유통망 쥐기’…스테이블코인·RWA 영토 확장 거점,블록미디어,카카오페이·카카오뱅크 등 금융 계열사에 참고 가능한 디지털금융 정책,로컬 보조 라벨,False,False
I009,배달 플랫폼 직매입 농축산물 판매,커머스,COMPETITOR_PLATFORM_RISK,경쟁사_해외이슈,,,COMP_DOMESTIC_FINANCE_COMMERCE,domestic,231.0,2,3,3,4,1825,"1825,1847,1871,1820","배민 ""B마트가 직매입한 지역 농축산물 매출 대폭 증가"" | 배민B마트 ""국내 산지 농축산물 매출 53% 성장…수박 등 과일 61% ↑"" | 배민 ""B마트가 직매입한 지역 농축산물 매출 대폭 증가"" | 배민 B마트, 산지 직송·즉시배송 결합에 농축산물 매출 53% 급증",연합뉴스 | 뉴스1 | 매일경제 마켓 | 물류신문,배달의민족 B마트의 직매입 농축산물 매출 증가는 카카오의 커머스 사업 전략에 참고할 수 있는 경쟁사의 성공 사례임.,경쟁사의 커머스 사업 성공 사례는 카카오의 관련 사업 전략 수립에 중요한 시사점을 제공하므로 포함함.,False,False
I010,미국 국방예산법안 내 군함 외국건조 금지,미국 국방 예산법,GOV_AI_DIGITAL_POLICY,경쟁사_해외이슈,,GOV_APPOINTMENT_GOVERNANCE,,other,229.5,4,5,4,1,644,644,"""美국방예산법안에 '군함 외국건조 금지' 명기…상임위 통과""",연합뉴스,카카오와 무관한 미국의 국방 분야 법안 이슈이므로 영향 없음.,"미국의 국방 관련 법안으로, 카카오의 사업이나 정책에 직접적인 관련성이 없음. / v23_category_reassign:government_without_policy_basis",False,True
I011,"법무부 의정부청소년꿈키움센터, 검찰의뢰 교육조건부 기소유예 교육",법무부 교육,GOV_PLATFORM_REGULATION,경쟁사_해외이슈,,GOV_REGULATORY_ENFORCEMENT,,other,229.5,4,5,4,1,1259,1259,"법무부 의정부청소년꿈키움센터, 검찰의뢰 교육조건부 기소유예 교육",로이슈,카카오와 무관한 법무부 소관의 교육 프로그램 관련 이슈이므로 영향 없음.,"법무부 소관의 교육 프로그램 관련 뉴스로, 카카오의 사업이나 정책에 직접적인 관련성이 낮음. / v23_category_reassign:government_without_policy_basis",False,True
I012,선관위 투표지 부족 관련 수사,선관위 수사,GOV_AI_DIGITAL_POLICY,경쟁사_해외이슈,,GOV_APPOINTMENT_GOVERNANCE,,other,229.5,4,5,4,1,618,618,"경찰, '투표지 부족' 수사 본격화…고발인 ""선관위원장, 국민기만""",연합뉴스,카카오와 무관한 선거관리위원회 관련 이슈이므로 영향 없음.,"선거관리위원회 관련 이슈로, 카카오의 사업이나 정책에 직접적인 관련성이 없음. / v23_category_reassign:government_without_policy_basis",False,True
I013,"코인원, 보이스피싱 피해 예방 공로 인정",코인원 감사장,GOV_PLATFORM_REGULATION,경쟁사_해외이슈,,GOV_REGULATORY_ENFORCEMENT,,other,229.5,4,5,4,1,2274,2274,"코인원, 보이스피싱 피해 예방 공로 인정…경찰청장 감사장",전자신문,카카오와 무관한 가상자산 사업자의 공로 인정 건이므로 영향 없음.,"가상자산 사업자의 공로 인정 건으로, 카카오의 사업이나 정책에 직접적인 관련성이 낮음. / v23_category_reassign:government_without_policy_basis",False,True
I014,후반기 국회 상임위원장 배분 주목,국회 상임위원장 배분,GOV_AI_DIGITAL_POLICY,경쟁사_해외이슈,,GOV_APPOINTMENT_GOVERNANCE,,other,229.5,4,5,4,1,1071,1071,후반기 국회 상임위원장 배분 주목⋯송기헌·이양수 물망,강원일보,카카오와 무관한 국회 내부의 상임위원장 배분 관련 이슈이므로 영향 없음.,"국회 내부의 상임위원장 배분 관련 뉴스로, 카카오의 사업이나 정책에 직접적인 관련성이 낮음. / v23_category_reassign:government_without_policy_basis",False,True
I015,토스뱅크 사업자 소득 순위 서비스,금융 서비스,SELF_AFFILIATE_BUSINESS,경쟁사_해외이슈,FILLER_REFERENCE,,COMP_DOMESTIC_FINANCE_COMMERCE,domestic,228.5,3,3,2,2,1750,"1750,1811","“내 가게 매출, 동종업계 몇 %?”…토스뱅크, 사장님 ‘사업소득 순위’ 론칭 | “내 가게 매출, 동종업계 몇 %?”…토스뱅크, 사장님 ‘사업소득 순위’ 론칭",v.daum.net | dt.co.kr,토스뱅크의 사업자 소득 순위 서비스 론칭은 카카오뱅크의 유사 서비스 개발에 대한 참고 자료가 될 수 있음.,경쟁사의 신규 서비스 출시는 카카오뱅크의 유사 서비스 개발 및 경쟁력 강화에 대한 참고 자료가 될 수 있어 포함함. (낮은 우선순위),False,False
I016,AI 기반 개발 플랫폼 출시,AI 플랫폼,GOV_AI_DIGITAL_POLICY,경쟁사_해외이슈,,GOV_AI_CORE_POLICY,,other,218.5,2,3,3,4,426,"426,1124,1143,1127","“기업 시스템 구축·운영 전 과정 지능화”…LG CNS, AI 개발 플랫폼 출시 | LG CNS, 에이전틱 AI 기반 개발 플랫폼 ‘데브온에이전틱 AIND’ 출시 | LG CNS, 에이전틱 AI 기반 개발 플랫폼 '데브온 에이전틱 AIND' 출시 | LG CNS, AI 플랫폼 'AIND' 공개…""말로 하면 코딩·검증까지""",헤럴드경제 | 매일일보 | 이투데이 | 더팩트,"LG CNS의 AI 기반 개발 플랫폼 출시는 AI 개발 생태계 경쟁 심화를 보여주며, 카카오의 AI 개발 도구 및 플랫폼 전략에 참고할 수 있음.",AI 개발 플랫폼 시장의 주요 플레이어 동향은 카카오의 AI 기술 개발 및 생태계 구축 전략 수립에 중요한 참고 자료가 됨. / AI 개발 플랫폼 시장의 주요 플레이어 동향은 카카오의 AI 기술 개발 및 생태계 구축 전략 수립에 중요한 참고 자료가 됨. / v23_category_reassign:government_without_policy_basis,False,False
I017,가상자산 사업자 규제 및 소비자 보호,가상자산,GOV_PLATFORM_REGULATION,경쟁사_해외이슈,,GOV_REGULATORY_ENFORCEMENT,,other,216.5,3,3,2,2,2285,"2285,2277","코인원, 경찰청장 감사장 받아... 보이스피싱 50일간 6800만원 지켜냈다 | 코인원, 피싱 피해 막아 경찰청장 감사장···6800만원 고객 자산 보호",ER 이코노믹리뷰 | 이뉴스투데이,"가상자산 사업자의 규제 준수 및 소비자 보호 노력을 보여주는 사례로, 관련 사업 추진 시 참고할 수 있음. / 가상자산 사업자의 피싱 피해 방지 노력 및 고객 자산 보호 사례는 관련 사업 추진 시 참고할 수 있음.","가상자산 사업자의 소비자 보호 사례는 카카오의 해당 분야 사업 추진 시 참고할 만한 규제 동향을 보여주지만, 직접적인 리스크는 낮음. / v23_category_reassign:government_without_policy_basis",False,False
I018,가상자산 거래소 보상 논란,가상자산,GOV_PLATFORM_REGULATION,경쟁사_해외이슈,,GOV_PLATFORM_MARKET_RULE,,other,214.0,3,3,2,2,2306,"2306,2307",피해 보상하라니 '수수료 쿠폰' 툭…가상자산 거래소 '고무줄 보상' 논란 | 피해 보상하라니 ‘수수료 쿠폰’ 툭…가상자산 거래소 ‘고무줄 보상’ 논란,네이트 | 세계비즈,"가상자산 거래소의 고무줄 보상 논란은 관련 사업 운영 시 소비자 신뢰 확보의 중요성을 강조하며, 카카오의 금융 서비스 제공 시 참고할 수 있음.",가상자산 거래소의 소비자 보상 관련 논란은 카카오의 금융 서비스 운영 시 발생할 수 있는 리스크 관리에 대한 참고 자료가 될 수 있음. / v23_category_reassign:government_without_policy_basis,False,False
I019,카드사의 가상자산 거래소 투자,가상자산/투자,GOV_FINANCIAL_DIGITAL_POLICY,경쟁사_해외이슈,,GOV_DIGITAL_FINANCE_POLICY,,other,213.5,3,4,1,1,1174,1174,카드사가 가상자산거래소 주주로?…삼성카드 두나무 진입 목적은 [머니+],에너지경제신문,카드사의 가상자산 거래소 지분 인수는 카카오의 금융 서비스 및 가상자산 사업 투자 전략에 대한 참고 자료가 될 수 있습니다.,"카카오와의 직접적인 영향 경로가 약하며, 금융사의 가상자산 거래소 투자 사례입니다. / v23_category_reassign:government_without_policy_basis",False,False
I020,가상자산 거래소 피해 보상금 지급,가상자산/보상,GOV_FINANCIAL_DIGITAL_POLICY,경쟁사_해외이슈,,GOV_DIGITAL_FINANCE_POLICY,,other,213.5,3,4,1,1,2305,2305,빗썸 25억·업비트 8억…가상자산 거래소 피해 보상금 지급,네이트,가상자산 거래소의 피해 보상금 지급 사례는 카카오가 향후 관련 사업 진행 시 고객 피해 방지 및 보상 체계 구축에 대한 참고 자료가 될 수 있습니다.,"카카오와의 직접적인 영향 경로가 약하며, 가상자산 거래소의 특정 사고 및 보상 내용입니다. / v23_category_reassign:government_without_policy_basis",False,False
I021,가상자산 현물 거래량 감소,가상자산/시장,GOV_FINANCIAL_DIGITAL_POLICY,경쟁사_해외이슈,,GOV_DIGITAL_FINANCE_POLICY,,other,213.5,3,4,1,1,2303,2303,가상자산 현물 거래 급감…중앙화 거래소 거래량 23년 10월 이후 최저,블루밍비트,가상자산 현물 거래량 감소 추세는 카카오의 디지털자산 관련 사업 전략 수립 시 시장 상황을 고려하는 데 참고 자료가 될 수 있습니다.,"카카오와의 직접적인 영향 경로가 약하며, 가상자산 시장 전반의 동향입니다. / v23_category_reassign:government_without_policy_basis",False,False
I022,ISP 저작권 책임 제한 판결,플랫폼/저작권,GOV_AI_DIGITAL_POLICY,경쟁사_해외이슈,,GOV_AI_CORE_POLICY,,other,211.0,5,1,1,2,1154,"1154,1151","미국 대법원, ISP 저작권 책임 제한 판결… K-콘텐츠 보호 체계 재정비 시급 | 미국 대법원, ISP 저작권 책임 제한 판결… K-콘텐츠 보호 체계 재정비 시급",한국AI부동산신문 | 유스연합,"미국 대법원의 ISP 저작권 책임 제한 판결은 국내 플랫폼의 저작권 보호 체계 재정비 필요성을 시사하며, 카카오의 콘텐츠 관련 사업에 간접적인 영향을 줄 수 있습니다.","카카오의 직접적인 사업 관련성은 낮으나, 플랫폼 사업의 저작권 관련 규제 동향으로 참고할 수 있습니다. / v23_category_reassign:government_without_policy_basis",False,False
I023,네이버웹툰 IPO 후 집단소송,플랫폼 IPO,COMPETITOR_PLATFORM_RISK,경쟁사_해외이슈,,,COMP_DOMESTIC_STRATEGY,domestic,209.25,2,3,3,1,1438,1438,[네이버웹툰 상장분쟁①] 부실 IPO 후폭풍?…상장 3개월 만에 집단소송 피소,the-biz.co.kr,"네이버웹툰의 IPO 후 집단소송은 플랫폼 기업의 상장 관련 법적 리스크를 보여주며, 카카오의 IPO 추진 시 참고할 수 있음.",주요 경쟁사의 IPO 후 소송 사례는 카카오의 잠재적 IPO 추진 시 발생할 수 있는 리스크 관리에 중요한 시사점을 제공함.,False,False
I024,금감원의 AI 기반 가상자산 시세조종 탐지 시스템 도입,가상자산/규제,GOV_PLATFORM_REGULATION,경쟁사_해외이슈,,GOV_REGULATORY_ENFORCEMENT,,other,199.5,5,1,1,1,690,690,"금감원, 가상자산 시세조종 ‘AI 자동탐지’ 도입…초 단위 분석 체계 구축",메트로신문,"금융감독원이 AI 기반 시세조종 자동탐지 시스템을 도입하는 것은 가상자산 시장의 투명성 및 안정성 강화 노력의 일환으로, 카카오의 디지털자산 관련 사업 계획 및 컴플라이언스 강화에 참고가 될 수 있습니다.",AI 기술을 활용한 금융 시장 감시 강화는 카카오의 디지털자산 관련 사업 추진 시 컴플라이언스 및 규제 대응에 직접적인 영향을 미칩니다. / v23_category_reassign:government_without_policy_basis,False,False
I025,industry_structural_change:3d 보안 인증 시장은 2035년까지 cagr 17 92 로 성장할 것입니다,industry_structural_change,INDUSTRY_STRUCTURAL_CHANGE,산업동향,,,,other,194.5,3,3,3,1,2258,2258,3D 보안 인증 시장은 2035년까지 CAGR 17.92%로 성장할 것입니다.,Global Growth Insights,카카오 사업환경 이해에 필요한 산업 구조 변화,로컬 보조 라벨,False,False
I026,AI 기업 지분 보유 관련 정부 정책,AI 정책,GOV_AI_DIGITAL_POLICY,경쟁사_해외이슈,,GOV_AI_CORE_POLICY,COMP_GENERAL_LOW_RELEVANCE,other,192.25,2,2,3,2,2116,"2116,1980","""AI기업 지분을 국민에게""…트럼프, 'AI 국부펀드' 구상 지지 | 美 정부, AI기업 지분 보유 검토… 오픈AI와 논의",한국일보 | dt.co.kr,"AI 기업 지분을 국민에게 공유하는 'AI 국부펀드' 구상은 AI 산업 투자 및 성장에 대한 정부의 적극적인 개입을 시사하며, 카카오의 AI 사업 환경에 영향을 줄 수 있음. / 미국 정부의 AI 기업 지분 보유 검토는 AI 산업 전반의 투자 및 성장 동력에 영향을 미칠 수 있으며, 향후 카카오의 AI 사업 전략 수립에 참고할 수 있음.",AI 산업 육성을 위한 정부의 새로운 정책 제안은 카카오와 같은 국내 AI 기업의 사업 환경에 중요한 영향을 미칠 수 있음. / v23_category_reassign:government_without_policy_basis / AI 기업에 대한 정부의 직접적인 개입 움직임은 글로벌 AI 산업 생태계 및 카카오의 AI 사업 추진 방향에 중요한 시사점을 제공함.,False,False
I027,국내 유가 동향,산업 동향,INDUSTRY_STRUCTURAL_CHANGE,경쟁사_해외이슈,,,,other,190.5,3,3,3,1,2239,2239,[일일 국내 유가동향 : 2026년 6월 8일],에너지플랫폼뉴스,일일 국내 유가 동향 정보 파악,"유가 동향은 카카오의 직접적인 사업 영역과 거리가 멀고, 정책적 대응이 필요한 사안이 아니므로 우선순위가 낮습니다. / v23_category_reassign:industry_item_is_competitor_issue",False,False
I028,금융권 AI 규제,금융 AI,GOV_AI_DIGITAL_POLICY,정부_국회,,GOV_AI_CORE_POLICY,,other,188.5,2,2,3,1,526,526,"""금융권 AI 규제, 기존 '모형위험관리' 체계 확대해야""",연합뉴스,"금융권 AI 규제 논의는 카카오페이 등 금융 서비스를 제공하는 계열사의 AI 활용 및 규제 준수에 영향을 미칠 수 있으며, 정책 동향 파악이 중요함.",금융 서비스 분야 AI 활용에 대한 규제 동향은 카카오페이 등 관련 사업의 성장 및 안정성에 직접적인 영향을 미치므로 중요하게 분류됨.,False,False
I029,미래산업 규제 완화,산업 규제,GOV_AI_DIGITAL_POLICY,정부_국회,,GOV_AI_CORE_POLICY,,other,188.5,2,2,3,1,428,428,경총 “AI·로봇·미래차 등 미래산업 발목 잡는 낡은 ‘거미줄’ 규제 걷어내야”,헤럴드경제,"AI, 로봇, 미래차 등 미래산업 발목을 잡는 규제 완화 주장은 카카오의 신기술 도입 및 사업 확장 환경에 긍정적인 영향을 줄 수 있음.","미래산업 규제 완화는 카카오의 AI, 로봇 등 신기술 기반 사업 확장 및 혁신 활동에 중요한 영향을 미치므로 주목해야 함.",False,False
I030,디지털자산기본법 입법 지연,디지털자산/규제,GOV_PLATFORM_REGULATION,정부_국회,,GOV_REGULATORY_ENFORCEMENT,,other,179.0,4,1,1,2,590,"590,532","디지털자산기본법 입법 지연 불구 금융사들 선점 나선 이유는 | 엠블록 | 지선 끝났는데 또 미뤄진 디지털자산기본법…업계 ""답답함 넘어 분통""",매일경제 | 더팩트,디지털자산기본법 입법 지연에도 불구하고 금융사들이 디지털자산 시장 선점에 나서고 있다는 점은 카카오의 디지털자산 관련 사업 추진 전략 및 리스크 관리에 참고가 될 수 있습니다.,디지털자산기본법의 지연과 금융권의 시장 선점 움직임은 카카오의 디지털자산 사업 전략 수립에 영향을 줄 수 있습니다.,False,False
I031,코인원 보이스피싱 피해 차단 성과,가상자산/보이스피싱,GOV_PLATFORM_REGULATION,경쟁사_해외이슈,,GOV_REGULATORY_ENFORCEMENT,,other,177.5,4,1,1,1,2283,2283,"코인원, 보이스피싱 피해 차단 성과 인정…경찰청장 감사장",이투데이,코인원의 보이스피싱 피해 차단 성과 인정은 카카오가 금융 사기 예방 및 정보 보안 강화에 기여할 수 있는 부분을 모색하는 데 참고가 될 수 있습니다.,"카카오와의 직접적인 영향 경로가 약하며, 가상자산 거래소의 특정 성과에 대한 내용입니다. / v23_category_reassign:government_without_policy_basis",False,False
I032,오픈AI 챗GPT 개편,AI 기업,COMPETITOR_AI_STRATEGY,경쟁사_해외이슈,,,COMP_OVERSEAS_PLATFORM_AI,overseas,169.75,2,2,3,2,1939,"1939,1927","오픈AI, IPO 앞두고 챗GPT 대수술…""코딩·AI에이전트 합친 '슈퍼앱' 선보여"" | 앤트로픽 의식했나…IPO 앞둔 오픈AI, 챗GPT ‘슈퍼앱’ 개편",뉴시스 | 지디넷코리아,"오픈AI의 챗GPT 개편은 AI 에이전트 및 슈퍼앱 전략의 발전 방향을 보여주며, 카카오의 AI 서비스 개발에 참고할 수 있음.",글로벌 AI 선도 기업의 서비스 전략 변화는 카카오의 AI 서비스 경쟁력 강화 및 신규 기능 개발에 대한 중요한 시사점을 제공함.,False,False
I033,"카카오뱅크, 소외계층 위한 '온기 나눔'",카카오뱅크 사회공헌,SELF_AFFILIATE_BUSINESS,자사_및_계열사_이슈,STRATEGIC_REFERENCE,,,other,169.5,4,1,1,1,44,44,"금융 넘어 문화예술로 영토 넓힌다…카카오뱅크, 소외계층 위한 '온기 나눔'",thefairnews.co.kr,"카카오뱅크의 사회공헌 활동을 보여주며, 기업의 사회적 책임 이행 및 브랜드 이미지 제고에 기여함.",카카오뱅크의 사회공헌 활동은 카카오의 긍정적인 기업 이미지 구축 및 사회적 책임 이행 측면에서 참고할 가치가 있음.,False,False
I034,AI 기업 IPO 및 투자 동향,AI 기업,COMPETITOR_AI_STRATEGY,경쟁사_해외이슈,,,COMP_OVERSEAS_PLATFORM_AI,overseas,169.25,2,2,3,1,1970,1970,"스페이스X부터 오픈AI까지...인공지능 기업 IPO, 비트코인(BTC) 자금 이탈 초래",코인리더스,"오픈AI의 IPO 준비와 챗GPT 개편은 AI 시장의 성장 가능성과 경쟁 심화를 보여주며, 카카오의 AI 사업 전략 수립에 영향을 미칠 수 있음.",글로벌 AI 선도 기업의 IPO 동향은 AI 시장의 전반적인 투자 흐름과 경쟁 환경에 대한 중요한 정보를 제공함.,False,False
I035,"미국 정부, AI 기업 지분 보유 검토 (오픈AI와 논의)",미국 AI 기업 국가지분,SELF_DIRECT_RISK,경쟁사_해외이슈,DIRECT_RISK,GOV_AI_CORE_POLICY,COMP_OVERSEAS_PLATFORM_AI,overseas,168.5,1,1,1,1,1948,1948,"美 정부, AI기업 지분 보유 검토… 오픈AI와 논의",v.daum.net,"AI 산업에 대한 정부의 직접적인 개입 및 투자 가능성을 시사하며, 카카오의 AI 사업 관련 정책 및 투자 전략에 대한 간접적인 참고 자료가 될 수 있음.","AI 산업에 대한 정부의 직접 개입 및 투자 가능성을 보여주는 중요한 정책 동향으로, 카카오의 AI 전략 수립에 참고할 만함.",False,False
I036,"첫 기업 출신 총리 한성숙, 네이버 AI 플랫폼 전략 밑그림",총리 인선,COMPETITOR_AI_STRATEGY,경쟁사_해외이슈,,GOV_AI_CORE_POLICY,COMP_DOMESTIC_AI_PLATFORM,domestic,165.5,1,1,1,1,202,202,첫 기업 출신 총리 한성숙 누구? 네이버서 AI 플랫폼 전략 밑그림,뉴스1,"국내 주요 IT 기업 출신 총리의 임명은 IT 및 AI 산업 육성에 대한 정부의 의지를 보여주며, 카카오의 AI 정책 및 규제 환경에 긍정적인 영향을 줄 수 있음.",국내 IT 및 AI 산업 경험을 가진 인물의 총리 가능성은 카카오의 AI 정책 환경에 긍정적인 영향을 줄 수 있는 중요한 이슈임. / v23_category_reassign:government_without_policy_basis,False,False
I037,미국 '클래리티 법안' 통과와 스테이블코인 시장 재편,스테이블코인/규제,GOV_FINANCIAL_DIGITAL_POLICY,정부_국회,,GOV_DIGITAL_FINANCE_POLICY,,other,163.5,4,1,1,1,593,593,美 ‘클래리티 법안’ 진전…스테이블코인·가상자산 시장 재편 기대감,헤럴드경제,"미국 '클래리티 법안'의 진전은 스테이블코인 및 가상자산 시장 재편을 예고하며, 카카오의 관련 사업 계획 및 시장 전망에 영향을 줄 수 있습니다.",미국의 스테이블코인 관련 법안 통과는 글로벌 규제 환경 변화를 예고하며 카카오의 금융 사업 전략에 영향을 줄 수 있습니다.,False,False
I038,공정위 담합 적발 및 과징금 인상,공정거래/담합,GOV_AI_DIGITAL_POLICY,정부_국회,,GOV_GENERAL_LOW_RELEVANCE,,other,158.0,5,2,1,2,355,"355,354","공정위, 20조 원 규모 담합 적발하고 최소 과징금 20배 인상…국민 장바구니 부담 줄어들까 | 공정위, 20조 원 규모 담합 적발하고 최소 과징금 20배 인상…국민 장바구니 부담 줄어들까",한국AI부동산신문 | 뉴스N연합,"공정위의 담합 적발 및 과징금 인상은 카카오의 사업 영역과 직접적인 관련은 낮으나, 전반적인 시장 질서 관련 규제 강화 동향으로 참고할 수 있습니다.","카카오와의 직접적인 영향 경로가 약하며, 일반적인 기업 규제 동향으로 분류합니다. / 카카오와의 직접적인 영향 경로가 약하며, 일반적인 기업 규제 동향으로 분류합니다. / v23_category_reassign:government_without_policy_basis",False,False
I039,비대면 진료 플랫폼 규제,플랫폼 규제,GOV_PLATFORM_REGULATION,경쟁사_해외이슈,,OFF_TOPIC,,other,158.0,2,2,3,1,1117,1117,[기획] “비대면 막고 팬데믹 대비”… 비대면 진료 플랫폼 규제의 모순,매일일보,"비대면 진료 플랫폼 규제는 카카오헬스케어 등 관련 사업에 직접적인 영향을 미칠 수 있으며, 정책 방향을 파악하는 것이 중요함.",플랫폼 사업자에 대한 규제 동향은 카카오헬스케어 등 관련 사업에 직접적인 영향을 미치므로 중요하게 분류됨. / v23_category_reassign:government_without_policy_basis,False,False
I040,온라인 광고 규제 및 플랫폼 책임,플랫폼 규제,GOV_PLATFORM_REGULATION,정부_국회,,OFF_TOPIC,,other,156.0,2,2,3,1,1129,1129,"인터넷신문윤리위 “선정적 광고 규제, 언론사만으론 한계”…플랫폼 책임론 제기",뉴스코리아,"인터넷신문윤리위의 플랫폼 책임론 제기는 카카오 등 플랫폼 사업자의 콘텐츠 및 광고 관리 책임 강화 필요성을 시사하며, 관련 정책 변화에 주목해야 함.",플랫폼 사업자의 콘텐츠 및 광고 관리 책임 강화 움직임은 카카오의 광고 사업 및 서비스 운영에 직접적인 영향을 미치므로 중요하게 분류됨.,False,False
I041,유통업계 거래 집중도 조사,유통 규제,COMPETITOR_PLATFORM_RISK,정부_국회,,GOV_GENERAL_LOW_RELEVANCE,COMP_DOMESTIC_DIRECT_RISK,domestic,155.75,2,2,3,1,363,363,"‘쿠팡 쏠림’ 측정한다...공정위, 유통업계 ‘거래의중도’ 첫 조사",이데일리,"공정위의 유통업계 거래 집중도 조사는 쿠팡 등 주요 플랫폼의 시장 지배력에 대한 규제 움직임을 보여주며, 카카오의 플랫폼 사업 전략에 참고할 수 있음.",플랫폼 사업자에 대한 공정거래 규제 강화 동향은 카카오의 플랫폼 사업 운영에 직접적인 영향을 미치므로 중요하게 분류됨.,False,False
I042,SK텔레콤 개인정보 유출 후폭풍,개인정보/보안,COMPETITOR_PLATFORM_RISK,경쟁사_해외이슈,,GOV_REGULATORY_ENFORCEMENT,COMP_DOMESTIC_DIRECT_RISK,domestic,155.5,1,1,1,1,798,798,"개인정보 유출 '후폭풍'…SK텔레콤, 수익성·현금흐름 악화에 재무부담 '삼중고'",청년일보,SK텔레콤의 개인정보 유출 사고로 인한 수익성 및 재무 부담 증가는 카카오의 개인정보 보호 강화 및 보안 투자 필요성을 재확인시키는 사례입니다.,경쟁사의 대규모 개인정보 유출 사고는 카카오의 개인정보 보호 정책 및 보안 투자 필요성을 강조하며 직접적인 리스크입니다. / v23_category_reassign:government_without_policy_basis,False,False
I043,global_incident:platform_regulation:platform_sector:platform_content_moderation_obligation,government_general_policy,GOV_PLATFORM_REGULATION,정부_국회,,OFF_TOPIC,,other,147.5,2,2,2,1,1111,1111,청소년 SNS 규제 강화가 빅테크를 키운다? 블루스카이의 경고,디지털투데이,카카오 대외협력 관점 간접 참고,로컬 보조 라벨,False,False
I044,global_incident:platform_regulation:platform_sector:platform_transaction_user_protection_obligation,government_general_policy,GOV_PLATFORM_REGULATION,정부_국회,,OFF_TOPIC,,other,147.5,2,2,2,1,1000,1000,"한유원 대표, 정책면세점 입점기업 현장 방문…판로 확대 방안 논의",네이트,카카오 대외협력 관점 간접 참고,로컬 보조 라벨,False,False
I045,지자체 카카오톡 서비스 연계,카카오톡 서비스 활용,SELF_AFFILIATE_BUSINESS,자사_및_계열사_이슈,FILLER_REFERENCE,,,other,146.75,2,2,3,5,85,"85,42,36,87,37","송파구, 2세 미만 육아 부모에 카톡으로 월령별 정보 제공 | 광산구, '보험 미가입 고지'... 카카오톡으로 확인·납부 한 번에 | 광산구, 자동차 보험 미가입 과태료 고지서도 ‘카카오톡’으로 | 대구 남구, 감염병 알리미 카카오톡 채널 운영으로 신속 대응 강화 | 대구 남구, 감염병 알리미 카카오톡 채널 운영으로 신속 대응 강화",네이트 | 뉴스워커 | 중부뉴스통신 | 행정신문 | 뉴스체인지,송파구의 카카오톡을 활용한 육아 정보 제공 서비스 운영 인지 / 광산구의 카카오톡을 활용한 보험 미가입 고지 및 납부 서비스 운영 인지 / 광산구의 카카오톡을 활용한 자동차 보험 미가입 과태료 고지서 발송 및 납부 서비스 운영 인지 / 대구 남구의 카카오톡을 활용한 감염병 알리미 서비스 운영 인지,"지자체에서 카카오톡 채널을 활용하는 것은 일반적인 사례이며, 카카오 대외협력팀에서 별도 대응이 필요한 사안은 아닙니다.",False,False
I046,주요 경영진 회동 불참,경영진 동향,SELF_AFFILIATE_BUSINESS,자사_및_계열사_이슈,FILLER_REFERENCE,,,other,145.75,2,2,3,4,51,"51,32,53,58",'삼겹살·소주' 회동에 참석 못한 카카오 | [Epic Why] 카카오는 왜 젠슨 황 ‘삼겹살’ 못 먹었나 | [취재수첩] '삼겹살·소주' 회동에 참석 못한 카카오 | '삼겹살·소주' 회동에 참석 못한 카카오,한국경제 | 글로벌에픽 | 네이트 | 모바일한경,카카오 경영진의 주요 회동 불참 사실 인지,경영진의 비공식적 회동 참석 여부는 카카오 대외협력팀의 직접적인 업무와는 거리가 멀어 우선순위가 낮습니다.,False,False
I047,LG전자 AI TV 전략,AI TV,GOV_AI_DIGITAL_POLICY,정부_국회,,GOV_AI_CORE_POLICY,,domestic,145.0,1,1,1,1,1301,1301,"""초슬림·LCD 최상위·AI"" LG전자, 세 가지 TV 전략",디지털데일리,"LG전자가 초슬림, LCD 최상위, AI 기술을 활용한 TV 전략을 추진하고 있음을 인지.","AI 기술이 TV 제품에 적용되는 사례로, 카카오의 AI 기술 적용 범위 확장에 대한 시사점을 얻을 수 있음.",False,False
I048,윤커뮤니케이션즈 AI 플랫폼 공개,AI 플랫폼,GOV_AI_DIGITAL_POLICY,경쟁사_해외이슈,,GOV_AI_CORE_POLICY,,domestic,145.0,1,1,1,1,1122,1122,"윤커뮤니케이션즈, 데이터 관리·AI솔루션 결합 ‘홍익인간 AX플랫폼’ 공개",데일리안,윤커뮤니케이션즈가 데이터 관리 및 AI 솔루션을 결합한 '홍익인간 AX플랫폼'을 공개했음을 인지.,"AI 플랫폼 개발 동향을 보여주는 사례로, 카카오의 AI 플랫폼 사업 경쟁력 확보에 참고할 수 있음. / v23_category_reassign:government_without_policy_basis",False,False
I049,스테이블코인 위협 및 제재 회피 네트워크,스테이블코인/위협,GOV_FINANCIAL_DIGITAL_POLICY,정부_국회,,GOV_DIGITAL_FINANCE_POLICY,,other,143.0,3,1,1,2,1172,"1172,1171",[D-BIZ 암호화폐] CertiK “2026 스테이블코인 보고서” 발표… 브리지 해킹 3.28억달러·1100억달러 규모 제재 회피 네트워크 주목 | CertiK ‘Skynet 2026 스테이블코인 위협 인텔리전스 보고서’ 발표… 브리지 해킹 피해 3.28억달러·1100억달러 규모 제재 회피 네트워크 주목,데일리비즈온 | koreasprint.com,"CertiK의 스테이블코인 위협 보고서는 스테이블코인 시장의 리스크 요인을 파악하고, 향후 카카오의 관련 사업 추진 시 잠재적 위험 관리에 대한 참고 자료가 될 수 있습니다.",스테이블코인 관련 보안 및 규제 동향은 카카오의 디지털금융 사업 전략 수립에 중요한 참고 자료입니다.,False,False
I050,self_filler_reference:카카오페이가 6월 5일 세계 환경의 날을 맞아 제주곶자왈공유화재단에 기금 1000만원을 전달했다,self_filler_reference,SELF_AFFILIATE_BUSINESS,자사_및_계열사_이슈,FILLER_REFERENCE,,,other,143.0,2,2,3,1,91,91,카카오페이가 6월 5일 세계 환경의 날을 맞아 제주곶자왈공유화재단에 기금 1000만원을 전달했다,전자신문,자사 이슈가 부족한 날에만 참고할 수 있는 보충성 자사 소식,로컬 보조 라벨,False,False
I051,제3회 국방 AI 발전 세미나 개최,국방 AI,GOV_AI_DIGITAL_POLICY,경쟁사_해외이슈,,GOV_AI_CORE_POLICY,,domestic,142.5,1,1,1,1,2192,2192,제3회 국방 AI 발전 세미나 개최···“국방 AI 거버넌스와 민·군 융합 전략 모색”,전자신문,"국방 AI 분야의 거버넌스 구축 및 민·군 융합 전략 논의는 국내 AI 기술 발전 및 정부 지원 정책 방향에 영향을 줄 수 있으며, 카카오의 AI 기술 개발 및 사업 영역 확장에 참고할 수 있습니다.",국방 AI 분야의 거버넌스 및 민·군 융합 전략 논의는 AI 기술 적용 범위를 넓히는 중요한 이슈이므로 관련 정책 동향을 파악할 필요가 있습니다. (ID 2192와 동일 맥락) / v23_category_reassign:industry_item_is_competitor_issue,False,False
I052,self_filler_reference:카카오뱅크 저소득층 다문화가정에 문화 나눔,self_filler_reference,SELF_AFFILIATE_BUSINESS,자사_및_계열사_이슈,FILLER_REFERENCE,,,other,142.0,2,2,3,1,27,27,"카카오뱅크, 저소득층·다문화가정에 문화 나눔",SR타임스,자사 이슈가 부족한 날에만 참고할 수 있는 보충성 자사 소식,로컬 보조 라벨,False,False
I053,self_filler_reference:카카오뱅크 문화소외계층 문화생활 접근성 강화 모두의 국악 개최,self_filler_reference,SELF_AFFILIATE_BUSINESS,자사_및_계열사_이슈,FILLER_REFERENCE,,,other,142.0,2,2,3,1,9,9,"카카오뱅크, 문화소외계층 문화생활 접근성 강화...‘모두의 국악’ 개최",글로벌이코노믹,자사 이슈가 부족한 날에만 참고할 수 있는 보충성 자사 소식,로컬 보조 라벨,False,False
I054,스테이블코인 관련 글로벌 제재 공방,스테이블코인/규제,GOV_FINANCIAL_DIGITAL_POLICY,정부_국회,,GOV_DIGITAL_FINANCE_POLICY,,other,141.5,3,1,1,1,1163,1163,"국경 없는 위협, 1100억 달러 우회로… 스테이블코인, 글로벌 제재 공방의 핵으로 부상",한국데이터경제신문,스테이블코인이 글로벌 제재 공방의 핵으로 부상하고 있다는 점은 카카오의 스테이블코인 관련 사업 추진 시 국제적인 규제 리스크를 고려해야 함을 시사합니다.,스테이블코인 관련 글로벌 규제 동향은 카카오의 디지털금융 사업에 대한 잠재적 리스크 및 사업 환경 변화를 시사합니다.,False,False
I055,스테이블코인 관련 규제 논의,스테이블코인/규제,GOV_FINANCIAL_DIGITAL_POLICY,경쟁사_해외이슈,,GOV_DIGITAL_FINANCE_POLICY,,other,141.5,3,1,1,1,1162,1162,스테이블코인마저 규제...미 청문회 앞두고 암호화폐 시장 '초긴장',핀포인트뉴스,미국 청문회를 앞두고 스테이블코인에 대한 규제 움직임이 강화되는 것은 카카오의 스테이블코인 관련 사업 추진 시 잠재적 규제 리스크를 인지하고 대비해야 함을 의미합니다.,주요국의 스테이블코인 규제 움직임은 카카오의 디지털 금융 사업에 대한 잠재적 규제 리스크를 파악하는 데 중요합니다. / v23_category_reassign:government_without_policy_basis,False,False
I056,청소년 SNS 이용 제한 정책,규제 및 정책,SELF_AFFILIATE_BUSINESS,경쟁사_해외이슈,FILLER_REFERENCE,,,other,141.5,2,2,3,1,94,94,"""청소년 SNS 금지, 빅테크 지배력만 키운다"" 경고",이데일리,청소년 SNS 이용 제한 정책이 빅테크의 시장 지배력을 강화할 수 있다는 전망 파악,"직접적인 카카오 관련 규제나 제재 사안이 아니며, 일반적인 빅테크 영향에 대한 분석이므로 우선순위가 낮습니다. / v23_category_reassign:self_without_kakao_entity",False,False
I057,문화 소외계층 지원,CSR/사회공헌,SELF_AFFILIATE_BUSINESS,자사_및_계열사_이슈,FILLER_REFERENCE,,,other,141.0,2,2,3,1,11,11,"카카오뱅크, 국악 공연에 문화소외계층 600명 초청",fetv.co.kr,카카오뱅크의 문화 소외계층 지원 활동 인지,"단순 사회공헌 활동으로, 카카오 대외협력팀의 주요 의사결정에 직접적인 영향을 주는 사안이 아닙니다. (LOW_VALUE_PR 기준에 준함)",False,False
I058,카카오엔터 글로벌 영향력 확대,계열사 사업 동향,SELF_AFFILIATE_BUSINESS,자사_및_계열사_이슈,FILLER_REFERENCE,,,other,140.75,2,2,3,1,50,50,'카카오엔터' 우즈·키키 글로벌 영향력 확대,네이트,카카오엔터테인먼트 소속 아티스트의 글로벌 영향력 확대 사실 인지,"단순 홍보성 기사로, 카카오 대외협력팀의 정책적 대응이 필요한 사안이 아닙니다. (LOW_VALUE_PR 기준에 준함)",False,False
I059,애플 폴더블 아이폰 출시 전망,제품/하드웨어,COMPETITOR_PLATFORM_RISK,경쟁사_해외이슈,,,COMP_GENERAL_LOW_RELEVANCE,overseas,140.5,2,2,1,1,2028,2028,공간 확보 택한 애플…폴더블 아이폰에 터치아이디 적용 전망,네이트,"애플의 폴더블 아이폰 출시 전망은 모바일 기기 시장의 트렌드 변화를 보여주며, 카카오의 모바일 서비스 제공 환경 변화에 대한 간접적인 시사점을 제공합니다.","카카오의 직접적인 사업 관련성은 낮으나, 모바일 기기 시장의 트렌드 변화로 참고할 수 있습니다.",False,False
I060,카카오픽을 통한 상품 판매,카카오 서비스 활용,SELF_AFFILIATE_BUSINESS,자사_및_계열사_이슈,FILLER_REFERENCE,,,other,138.75,2,2,3,1,74,74,[뉴스] WOW 확장팩 한정 소장판...11월 17일 카카오픽으로 판매!,인벤,카카오픽을 통한 WOW 확장팩 한정 소장판 판매 소식 인지,게임 상품 판매 정보는 카카오 대외협력팀의 주요 의사결정에 직접적인 영향을 주는 사안이 아닙니다.,False,False
I061,환경 보전 활동,CSR/사회공헌,SELF_AFFILIATE_BUSINESS,자사_및_계열사_이슈,FILLER_REFERENCE,,,other,138.75,2,2,3,1,54,54,"카카오, 환경의 날 맞아 제주 생태 보전 위한 상생 활동 전개",뉴스N제주,카카오의 제주 생태 보전을 위한 상생 활동 전개 소식 인지,"단순 사회공헌 활동으로, 카카오 대외협력팀의 주요 의사결정에 직접적인 영향을 주는 사안이 아닙니다. (LOW_VALUE_PR 기준에 준함)",False,False
I062,카카오엔터 웹툰 콘텐츠,계열사 사업 동향,SELF_AFFILIATE_BUSINESS,자사_및_계열사_이슈,FILLER_REFERENCE,,,other,138.75,2,2,3,1,59,59,"""누적 조회 3.7억, 긴장감·몰입감 팽팽""…카카오엔터, '괴담출근' 웹툰 공개",파이낸셜포스트,카카오엔터테인먼트의 웹툰 '괴담출근' 성과 인지,"단순 콘텐츠 성과 홍보 기사로, 카카오 대외협력팀의 정책적 대응이 필요한 사안이 아닙니다. (LOW_VALUE_PR 기준에 준함)",False,False
I063,카카오톡 기반 의약품 이커머스,카카오 서비스 활용,SELF_AFFILIATE_BUSINESS,자사_및_계열사_이슈,FILLER_REFERENCE,,,other,138.75,2,2,3,1,62,62,"의약품 이커머스의 카카오톡… 블루엠텍, '비만약 랠리'에 성장 가속도",핀포인트뉴스,블루엠텍의 카카오톡 기반 의약품 이커머스 성장 동력 인지,"카카오톡을 활용한 특정 이커머스 사업의 성과를 다루는 기사로, 카카오 대외협력팀에서 별도 대응이 필요한 사안은 아닙니다.",False,False
I064,티빙 개인정보 유출 사고 및 ISMS-P 인증 제도 변화,플랫폼/보안,GOV_AI_DIGITAL_POLICY,정부_국회,,GOV_AI_CORE_POLICY,COMP_OVERSEAS_REGULATION_DATA,overseas,138.5,1,1,1,1,177,177,"티빙 개인정보 유출 사고가 던진 경고...ISMS·ISMS-P 인증제도, 2027년부터 어떻게 달라지나",테크데일리,티빙 개인정보 유출 사고가 ISMS-P 인증 제도의 변화를 예고하는 것은 카카오의 정보보호 관리체계 강화 및 인증 준수 의무 강화로 이어질 수 있습니다.,"개인정보 유출 사고는 정보보호 규제 강화로 이어질 수 있으며, 카카오의 정보보호 정책 및 시스템 운영에 직접적인 영향을 미칩니다.",False,False
I065,"K-AI칩, 엔비디아 독점에 균열",AI 칩,COMPETITOR_PLATFORM_RISK,경쟁사_해외이슈,,GOV_AI_CORE_POLICY,COMP_OVERSEAS_REGULATION_DATA,overseas,134.0,1,1,1,1,134,134,[박수연 칼럼] 엔비디아 시장 독점에 균열 내는 K-AI칩...3000만달러 수출 넘어 진짜 시험대,더밸류뉴스,국내 AI 칩 기술이 엔비디아의 시장 독점에 도전하며 3000만 달러 수출을 넘어섰음을 파악.,"AI 반도체 시장에서의 경쟁 동향 및 국내 기술 발전 현황을 보여주는 기사로, 카카오의 AI 인프라 전략 수립에 중요한 참고 자료가 될 수 있음. / v23_category_reassign:government_without_policy_basis",False,False
I066,부동산 허위·미삭제 광고 점검,부동산/광고 규제,SELF_AFFILIATE_BUSINESS,정부_국회,FILLER_REFERENCE,,,other,134.0,2,2,3,1,80,80,"대전시 유성구, 부동산 허위·미삭제 광고 집중 점검",네이트,대전 유성구의 부동산 허위·미삭제 광고 집중 점검 소식 인지,지자체의 특정 분야 광고 점검 소식은 카카오 대외협력팀의 직접적인 정책 대응 사안이 아니므로 우선순위가 낮습니다. / v23_category_reassign:self_without_kakao_entity,False,False
I067,"배달의민족, 외식업주 위한 AI 교육",외식업 AI 교육,COMPETITOR_AI_STRATEGY,경쟁사_해외이슈,,,COMP_DOMESTIC_AI_PLATFORM,domestic,133.5,1,1,1,1,1838,1838,“AI가 매출도 바꿨다” 외식업주 위한 실전 교육 나선 배민·서초구,thefairnews.co.kr,배달의민족의 AI 기반 서비스 확대 노력은 카카오의 AI 기술을 활용한 사업 확장 및 파트너십 강화 전략에 대한 시사점을 제공함.,국내 주요 플랫폼 기업의 AI 활용 사례는 카카오의 AI 사업 확장 및 B2B 전략에 대한 중요한 참고 자료가 됨.,False,False
I068,"미국 정부, 오픈AI 지분 투자 나선다",미국 AI 기업 국가지분,COMPETITOR_AI_STRATEGY,경쟁사_해외이슈,,GOV_AI_CORE_POLICY,COMP_OVERSEAS_PLATFORM_AI,overseas,132.5,1,1,1,1,1952,1952,"美정부, 오픈AI 지분 투자 나선다…AI 군사 활용 극대화될 듯",동아일보,"AI 산업에 대한 정부의 직접적인 개입 및 투자 가능성을 시사하며, 카카오의 AI 사업 관련 정책 및 투자 전략에 대한 간접적인 참고 자료가 될 수 있음.","AI 산업에 대한 정부의 직접 개입 및 투자 가능성을 보여주는 중요한 정책 동향으로, 카카오의 AI 전략 수립에 참고할 만함.",False,False
I069,"배민 B마트, 산지 직매입 농축산물 매출 증가",배달의민족 B마트,COMPETITOR_PLATFORM_RISK,경쟁사_해외이슈,,,COMP_DOMESTIC_FINANCE_COMMERCE,domestic,130.5,1,1,1,2,1841,"1841,1843","배민 ""B마트가 직매입한 지역 농축산물 매출 대폭 증가"" | 배민B마트, 산지직송 키우자 매출 뛰었다",네이트 | 신아일보,배달의민족 B마트가 산지 직매입 농축산물 매출이 대폭 증가했음을 인지.,"경쟁사의 커머스 사업 성공 사례로, 카카오 커머스 사업 전략 수립에 참고할 수 있음. / 경쟁사의 커머스 사업 성공 사례로, 카카오 커머스 사업 전략 수립에 참고할 수 있음. (ID 1841과 유사 이슈)",False,False
I070,배민B마트 산지 농축산물 매출 53% 증가,배달의민족 B마트,COMPETITOR_PLATFORM_RISK,경쟁사_해외이슈,,,COMP_DOMESTIC_FINANCE_COMMERCE,domestic,130.5,1,1,1,2,1852,"1852,1853",배민B마트 산지 농축산물 매출 53% 증가…올해 직매입 확대 | 배민B마트 산지 농축산물 매출 53% 증가...올해 직매입 확대,네이트 | 디지털투데이,배달의민족 B마트의 산지 농축산물 매출이 53% 증가하며 올해 직매입을 확대했음을 인지.,"경쟁사의 커머스 사업 성공 사례로, 카카오 커머스 사업 전략 수립에 참고할 수 있음. (ID 1841, 1843, 1844, 1845, 1850와 유사 이슈) / 경쟁사의 커머스 사업 성공 사례로, 카카오 커머스 사업 전략 수립에 참고할 수 있음. (ID 1841, 1843, 1844, 1845, 1850, 1852와 유사 이슈)",False,False
I071,"배민 B마트, 농가 직매입 통했다",배달의민족 B마트,COMPETITOR_PLATFORM_RISK,경쟁사_해외이슈,,,COMP_DOMESTIC_FINANCE_COMMERCE,domestic,130.5,1,1,1,2,1855,"1855,1848","배민 B마트, 농가 직매입 통했다…농축산물 매출 53% 뛰어 | 배민 B마트, 농가 직매입 통했다…농축산물 매출 53% 뛰어",네이트 | 뉴스핌,배달의민족 B마트가 농가 직매입을 통해 농축산물 매출이 53% 상승했음을 인지.,"경쟁사의 커머스 사업 성공 사례로, 카카오 커머스 사업 전략 수립에 참고할 수 있음. (ID 1841, 1843, 1844, 1845, 1850, 1852, 1853, 1834, 1837, 1842와 유사 이슈) / 경쟁사의 커머스 사업 성공 사례로, 카카오 커머스 사업 전략 수립에 참고할 수 있음. (ID 1841, 1843, 1844, 1845, 1850, 1852, 1853, 1834, 1837, 1842, 1855와 유사 이슈)",False,False
I072,물리 보안 산업 동향,산업 동향,SELF_AFFILIATE_BUSINESS,경쟁사_해외이슈,FILLER_REFERENCE,,,other,129.5,2,2,2,1,2248,2248,"[특별간담회] 대한민국 물리보안, 지속 성장으로 가는 보안의 길 모색",v.daum.net,국내 물리 보안 산업의 지속 성장 방안 모색 동향 파악,"직접적인 카카오 사업과의 연관성이 낮고, 일반적인 산업 동향 정보이므로 우선순위가 낮습니다. / v23_category_reassign:industry_item_is_competitor_issue",False,False
I073,"배달의민족 B마트, 산지 직매입 농축산물 매출 53% '껑충'",배달의민족 B마트,COMPETITOR_PLATFORM_RISK,경쟁사_해외이슈,,,COMP_DOMESTIC_FINANCE_COMMERCE,domestic,129.0,1,1,1,1,1824,1824,"배달의민족 B마트, 산지 직매입 농축산물 매출 53% '껑충'",진일보,배달의민족 B마트가 산지 직매입 농축산물 매출 53% 증가를 기록했음을 인지.,"경쟁사의 커머스 사업 성공 사례로, 카카오 커머스 사업 전략 수립에 참고할 수 있음. (ID 1841, 1843, 1844, 1845, 1850, 1852, 1853, 1834, 1837, 1842, 1855, 1848, 1846, 1849와 유사 이슈)",False,False
I074,"배민 B마트, 농가 직거래 56곳…매출 53% '껑충' 상생 통했다",배달의민족 B마트,COMPETITOR_PLATFORM_RISK,경쟁사_해외이슈,,,COMP_DOMESTIC_FINANCE_COMMERCE,domestic,129.0,1,1,1,1,1857,1857,"배민 B마트, 농가 직거래 56곳…매출 53% '껑충' 상생 통했다 : 기업/산업",재경일보,배달의민족 B마트가 농가 직거래 56곳을 통해 농축산물 매출 53% 증가를 기록하며 상생 효과를 거뒀음을 인지.,"경쟁사의 커머스 사업 성공 사례로, 카카오 커머스 사업 전략 수립에 참고할 수 있음. (ID 1841, 1843, 1844, 1845, 1850, 1852, 1853, 1834, 1837, 1842, 1855, 1848, 1846, 1849, 1824와 유사 이슈)",False,False
I075,"배민B마트, 산지 직매입 농축산물 매출 53% 증가",배달의민족 B마트,COMPETITOR_PLATFORM_RISK,경쟁사_해외이슈,,,COMP_DOMESTIC_FINANCE_COMMERCE,domestic,129.0,1,1,1,1,1844,1844,"배민B마트, 산지 직매입 농축산물 매출 53% 증가…지역 농가 상생 확대",매일일보,배달의민족 B마트가 산지 직매입 농축산물 매출이 53% 증가했음을 인지.,"경쟁사의 커머스 사업 성공 사례로, 카카오 커머스 사업 전략 수립에 참고할 수 있음. (ID 1841, 1843과 유사 이슈)",False,False
I076,"배민B마트, 산지직송 키우자 매출 뛰었다",배달의민족 B마트,COMPETITOR_PLATFORM_RISK,경쟁사_해외이슈,,,COMP_DOMESTIC_FINANCE_COMMERCE,domestic,129.0,1,1,1,1,1845,1845,"배민B마트, 산지 농축산물 매출 53% 증가…제철 과일이 성장 견인",파이낸셜투데이,배달의민족 B마트가 산지 직매입을 강화하여 매출이 상승했음을 인지.,"경쟁사의 커머스 사업 성공 사례로, 카카오 커머스 사업 전략 수립에 참고할 수 있음. (ID 1841, 1843, 1844와 유사 이슈)",False,False
I077,배달의민족 ‘배민B마트’ 올해 국내 산지 농축산물 매출 53% 성장,배달의민족 B마트,COMPETITOR_PLATFORM_RISK,경쟁사_해외이슈,,,COMP_DOMESTIC_FINANCE_COMMERCE,domestic,129.0,1,1,1,1,1834,1834,배달의민족 ‘배민B마트’ 올해 국내 산지 농축산물 매출 53% 성장,마일드경제,배달의민족 ‘배민B마트’가 올해 국내 산지 농축산물 매출 53% 성장을 기록했음을 인지.,"경쟁사의 커머스 사업 성공 사례로, 카카오 커머스 사업 전략 수립에 참고할 수 있음. (ID 1841, 1843, 1844, 1845, 1850, 1852, 1853와 유사 이슈)",False,False
I078,"배민B마트, 산지 직매입 농축산물 매출 53%↑",배달의민족 B마트,COMPETITOR_PLATFORM_RISK,경쟁사_해외이슈,,,COMP_DOMESTIC_FINANCE_COMMERCE,domestic,129.0,1,1,1,1,1850,1850,"배민B마트, 산지 직매입 농축산물 매출 53%↑…전국 농가 상생 확대",메가경제,배달의민족 B마트가 산지 직매입 농축산물 매출이 53% 증가하며 전국 농가 상생을 확대했음을 인지.,"경쟁사의 커머스 사업 성공 사례로, 카카오 커머스 사업 전략 수립에 참고할 수 있음. (ID 1841, 1843, 1844, 1845와 유사 이슈)",False,False
I079,배민B마트 산지 농산물 매출 급증,배달의민족 B마트,COMPETITOR_PLATFORM_RISK,경쟁사_해외이슈,,,COMP_DOMESTIC_FINANCE_COMMERCE,domestic,129.0,1,1,1,1,1842,1842,배민B마트 산지 농산물 매출 급증…전년동기比 53%↑,아시아투데이,배달의민족 B마트의 산지 농산물 매출이 전년 동기 대비 53% 급증했음을 인지.,"경쟁사의 커머스 사업 성공 사례로, 카카오 커머스 사업 전략 수립에 참고할 수 있음. (ID 1841, 1843, 1844, 1845, 1850, 1852, 1853, 1834, 1837와 유사 이슈)",False,False
I080,기업은행 송금 오류 및 토스 연쇄 장애,토스,COMPETITOR_PLATFORM_RISK,경쟁사_해외이슈,,,COMP_DOMESTIC_DIRECT_RISK,domestic,127.5,1,1,1,1,1800,1800,[단독] 기업은행 송금 막혔다… 토스·오픈뱅킹·앱 가입까지 연쇄 장애,뉴스로드,"기업은행 송금 시스템 오류로 인해 토스, 오픈뱅킹, 토스 앱 가입까지 연쇄 장애가 발생했음을 인지.","경쟁사의 대규모 서비스 장애 사례로, 카카오페이 등 유사 서비스 운영에 대한 안정성 확보의 중요성을 시사.",False,False
I081,"트럼프, AI기업 공공펀드로 국민 지분 참여 추진",미국 AI 기업 국가지분,GOV_AI_DIGITAL_POLICY,경쟁사_해외이슈,,GOV_AI_CORE_POLICY,COMP_GENERAL_LOW_RELEVANCE,overseas,126.5,1,1,1,1,2111,2111,"트럼프, AI기업 공공펀드로 국민 지분 참여 추진",조선일보,"AI 산업에 대한 정부의 직접적인 개입 및 투자 가능성을 시사하며, 카카오의 AI 사업 관련 정책 및 투자 전략에 대한 간접적인 참고 자료가 될 수 있음.","AI 산업에 대한 정부의 직접 개입 및 투자 가능성을 보여주는 중요한 정책 동향으로, 카카오의 AI 전략 수립에 참고할 만함.",False,False
I082,"트럼프, AI기업 지분 국민 배분 검토",미국 AI 기업 국가지분,GOV_AI_DIGITAL_POLICY,경쟁사_해외이슈,,GOV_AI_CORE_POLICY,COMP_GENERAL_LOW_RELEVANCE,overseas,126.5,1,1,1,1,2105,2105,"트럼프 “AI기업 지분, 미국인에게 배분 검토”",서울경제,"AI 산업에 대한 정부의 직접적인 개입 및 투자 가능성을 시사하며, 카카오의 AI 사업 관련 정책 및 투자 전략에 대한 간접적인 참고 자료가 될 수 있음.","AI 산업에 대한 정부의 직접 개입 및 투자 가능성을 보여주는 중요한 정책 동향으로, 카카오의 AI 전략 수립에 참고할 만함.",False,False
I083,"미국, AI 기업 지분 국가 주주 실험",미국 AI 기업 국가지분,GOV_AI_DIGITAL_POLICY,경쟁사_해외이슈,,GOV_AI_CORE_POLICY,COMP_GENERAL_LOW_RELEVANCE,overseas,126.5,1,1,1,1,2124,2124,AI 기업 지분 사들이나…미국서 떠오른 ‘국가 주주’ 실험,이데일리,"AI 산업에 대한 정부의 직접적인 개입 및 투자 가능성을 시사하며, 카카오의 AI 사업 관련 정책 및 투자 전략에 대한 간접적인 참고 자료가 될 수 있음.","AI 산업에 대한 정부의 직접 개입 및 투자 가능성을 보여주는 중요한 정책 동향으로, 카카오의 AI 전략 수립에 참고할 만함.",False,False
I084,"트럼프, 정부의 AI기업 지분 직접 보유 검토",미국 AI 기업 국가지분,GOV_AI_DIGITAL_POLICY,경쟁사_해외이슈,,GOV_AI_CORE_POLICY,COMP_GENERAL_LOW_RELEVANCE,overseas,126.5,1,1,1,1,2133,2133,"트럼프 ""정부가 AI기업 지분 직접 보유 검토""",네이트,"AI 산업에 대한 정부의 직접적인 개입 및 투자 가능성을 시사하며, 카카오의 AI 사업 관련 정책 및 투자 전략에 대한 간접적인 참고 자료가 될 수 있음.","AI 산업에 대한 정부의 직접 개입 및 투자 가능성을 보여주는 중요한 정책 동향으로, 카카오의 AI 전략 수립에 참고할 만함.",False,False
I085,"트럼프, AI기업 지분 미국인에게 배분 검토",미국 AI 기업 국가지분,GOV_AI_DIGITAL_POLICY,경쟁사_해외이슈,,GOV_AI_CORE_POLICY,COMP_GENERAL_LOW_RELEVANCE,overseas,126.5,1,1,1,1,2102,2102,트럼프 “정부가 AI기업 지분 직접 보유 검토”,동아일보,"AI 산업에 대한 정부의 직접적인 개입 및 투자 가능성을 시사하며, 카카오의 AI 사업 관련 정책 및 투자 전략에 대한 간접적인 참고 자료가 될 수 있음.","AI 산업에 대한 정부의 직접 개입 및 투자 가능성을 보여주는 중요한 정책 동향으로, 카카오의 AI 전략 수립에 참고할 만함.",False,False
I086,산란계협회 과징금 불복 소송,산란계협회 소송,SELF_DIRECT_RISK,경쟁사_해외이슈,DIRECT_RISK,GOV_GENERAL_LOW_RELEVANCE,,other,126.0,5,2,2,2,330,"330,360","산란계협회, 과징금불복 소송 예고…""계란값 상승, 수급불안 탓"" | 산란계협회, 과징금불복 소송 예고…""계란값 상승, 수급불안 탓""",v.daum.net | 네이트,카카오와 직접적인 영향 경로 없음,"카카오와의 관련성이 매우 낮음. 단순 정부/기관 소송 건으로, 카카오의 사업이나 정책에 직접적인 영향이나 시사점을 주지 않음. / v23_category_reassign:government_without_policy_basis",False,True
I087,금융권 포용금융 및 ESG 강화,금융 서비스,SELF_AFFILIATE_BUSINESS,자사_및_계열사_이슈,STRATEGIC_REFERENCE,,,mixed,125.75,1,1,1,1,46,46,"[주목! e금융] 신한·KB국민·카카오·하나금융·우리금융...""포용금융에 ESG 더했다""",한국면세뉴스,"신한, KB국민, 카카오, 하나금융, 우리금융 등 주요 금융권의 포용금융 및 ESG 강화 노력을 파악.","카카오 금융 서비스 부문과 직접 관련된 포용금융 및 ESG 강화 동향으로, 경쟁사들의 움직임을 파악하는 데 중요.",False,False
I088,주가 조작 관련 정부 합동 점검,금융 시장,SELF_AFFILIATE_BUSINESS,경쟁사_해외이슈,STRATEGIC_REFERENCE,GOV_GENERAL_LOW_RELEVANCE,,other,125.5,2,2,3,1,548,548,"李대통령 콕 찝은 주가조작 의혹 상장사, 정부 합동 점검 착수",v.daum.net,"주가 조작 의혹 관련 정부 합동 점검은 자본 시장의 건전성 강화 움직임을 보여주며, 카카오의 투자 및 자본 시장 관련 사업에 대한 정책 환경 변화를 시사함.",자본 시장의 건전성 확보를 위한 정부의 정책 방향은 카카오의 금융 사업 및 투자 전략 수립에 중요한 참고 자료가 되므로 포함함. / v23_category_reassign:government_without_policy_basis,False,False
I089,국내 AI OS 시장 경쟁,AI 플랫폼,COMPETITOR_AI_STRATEGY,경쟁사_해외이슈,,,COMP_DOMESTIC_AI_PLATFORM,domestic,122.75,1,1,1,1,2207,2207,"한컴 데이터 주권 선점, 소버린 에이전틱 OS시장 진출",네이버 프리미엄콘텐츠,국내 AI OS 시장의 새로운 경쟁자 등장 및 데이터 주권 확보 전략 파악,국내 AI OS 시장의 경쟁 환경 변화와 데이터 주권 확보 전략은 카카오의 AI 서비스 경쟁력 확보에 직결되는 중요한 정보입니다. / v23_category_reassign:industry_item_is_competitor_issue,False,False
I090,국회 상임위 배정,국회,GOV_AI_DIGITAL_POLICY,경쟁사_해외이슈,,GOV_APPOINTMENT_GOVERNANCE,,other,122.5,3,3,1,1,1065,1065,전북 현안 성패 가를 하반기 국회 상임위 배정… 한병도 원내대표 역할 주목,전북제일신문,"국회 상임위 배정은 특정 지역 현안 처리 속도에 영향을 미칠 수 있으나, 카카오 대외협력팀에 직접적인 영향은 적음.",정치권 소식으로 카카오의 사업 및 정책 환경에 직접적인 영향이 미미하여 제외함. / v23_category_reassign:government_without_policy_basis,False,True
I091,금융위원회 법안 처리,금융,GOV_AI_DIGITAL_POLICY,경쟁사_해외이슈,,GOV_APPOINTMENT_GOVERNANCE,,other,122.0,3,3,1,1,579,579,"서민금융안정기금 법안, 정무위 재구성 속도 낼까?",tokenpost.kr,서민금융안정기금 법안 처리는 카카오의 금융 관련 사업과는 직접적인 연관성이 낮음.,카카오의 사업 및 정책 환경에 직접적인 영향이 미미하여 제외함. / v23_category_reassign:government_without_policy_basis,False,True
I092,AI 기반 사이버 위협 동향,AI/보안,GOV_AI_DIGITAL_POLICY,경쟁사_해외이슈,,GOV_AI_CORE_POLICY,,other,121.5,1,1,1,1,174,174,"올해 국가정보보호백서 살펴보니…""AI가 스스로 해킹하는 시대 왔다""",뉴스웍스,국가정보보호백서에서 AI가 스스로 해킹하는 시대가 왔다고 언급하는 것은 카카오의 AI 서비스 보안 강화 및 사이버 위협 대응 전략 수립에 중요한 참고 자료가 됩니다.,AI 기술의 발전과 함께 증가하는 사이버 위협은 카카오의 AI 서비스 보안 및 리스크 관리에 직접적인 영향을 미칩니다. / v23_category_reassign:government_without_policy_basis,False,False
I093,티빙 해킹 및 클라우드 계정 관리 논란,플랫폼/보안,GOV_AI_DIGITAL_POLICY,경쟁사_해외이슈,,GOV_AI_CORE_POLICY,,other,121.5,1,1,1,1,1068,1068,"티빙 해킹, 단순 정보유출 넘어 클라우드 계정 관리 논란으로 확산",이데일리,티빙 해킹 사건이 클라우드 계정 관리 논란으로 확산되는 것은 카카오의 클라우드 서비스 보안 및 고객 데이터 관리 체계 점검의 필요성을 시사합니다.,대형 플랫폼의 보안 사고는 카카오 클라우드 서비스의 보안 및 데이터 관리 체계 점검 필요성을 제기하며 직접적인 리스크입니다. / v23_category_reassign:government_without_policy_basis,False,False
I094,미국 거대 AI 법안 초안 공개,미국 AI 법안,GOV_AI_DIGITAL_POLICY,정부_국회,,GOV_AI_CORE_POLICY,,other,121.5,1,1,1,1,1291,1291,"美, 초당적 ‘거대 AI 법안’ 초안 공개… 프런티어 개발사 6개월 감사·주(州) 규제 3년 동결",AI 매터스,거대 AI 모델 개발 및 서비스에 대한 미국의 규제 동향을 파악하여 카카오의 AI 전략 및 글로벌 진출에 대한 시사점을 얻을 수 있음.,"미국의 AI 규제 동향은 글로벌 AI 산업에 큰 영향을 미치므로, 카카오의 AI 전략 및 글로벌 사업에 대한 중요한 참고 자료가 됨.",False,False
I095,K-피지컬AI 특별법 발의,K-피지컬AI 특별법,GOV_AI_DIGITAL_POLICY,정부_국회,,GOV_AI_CORE_POLICY,,other,121.5,1,1,1,1,161,161,"젠슨 황이 눈독 들이는 'K-피지컬AI 특별법' 발의…생태계 지원 속도 낼까 [주목, 이 주의 법안]",네이트,"AI 하드웨어 및 인프라 지원 정책은 카카오의 AI 기술 개발 및 서비스 확장에 긍정적인 영향을 줄 수 있으며, 관련 생태계 조성에 기여할 수 있음.",AI 하드웨어 및 인프라 지원 정책은 카카오의 AI 사업 확장 및 기술 개발에 직접적인 영향을 미칠 수 있는 중요한 이슈임.,False,False
I096,배민B마트 '국내 산지 농축산물 매출 53% 성장,배달의민족 B마트,SELF_AFFILIATE_BUSINESS,경쟁사_해외이슈,FILLER_REFERENCE,,COMP_DOMESTIC_FINANCE_COMMERCE,domestic,121.0,1,1,1,1,1846,1846,"배민B마트 ""국내 산지 농축산물 매출 53% 성장…수박 등 과일 61% ↑""",v.daum.net,"배민B마트가 국내 산지 농축산물 매출 53% 성장을 기록했으며, 수박 등 과일 매출은 61% 증가했음을 인지.","경쟁사의 커머스 사업 성공 사례로, 카카오 커머스 사업 전략 수립에 참고할 수 있음. (ID 1841, 1843, 1844, 1845, 1850, 1852, 1853, 1834, 1837, 1842, 1855, 1848와 유사 이슈)",False,False
I097,"배민, 국내 산지 농축산물 매출 53% 성장",배달의민족,SELF_AFFILIATE_BUSINESS,경쟁사_해외이슈,FILLER_REFERENCE,,COMP_DOMESTIC_FINANCE_COMMERCE,domestic,121.0,1,1,1,1,1837,1837,"배민, 올해 국내 산지 농축산물 매출 53% 성장",v.daum.net,배달의민족이 국내 산지 농축산물 매출 53% 성장을 기록했음을 인지.,"경쟁사의 커머스 사업 성공 사례로, 카카오 커머스 사업 전략 수립에 참고할 수 있음. (ID 1841, 1843, 1844, 1845, 1850, 1852, 1853, 1834와 유사 이슈)",False,False
I098,가상자산 거래소 사고 및 보상,가상자산,GOV_PLATFORM_REGULATION,경쟁사_해외이슈,,GOV_GENERAL_LOW_RELEVANCE,,other,119.5,3,2,1,6,791,"791,795,794,1075,796,792","빗썸, 비트코인 오지급 사고 25억 보상…'해킹' 업비트는 7.9억 지급 | 빗썸, 오지급 사고 25억 보상…업비트는 해킹 사고 8억 물어 | 빗썸, 오지급 사고 25억 보상… 업비트는 해킹 사고 8억 물어 | 빗썸 비트코인 오지급 사고에 25억 보상, 업비트도 해킹 사고 보상에 7억9천만 원 지급 | 빗썸 비트코인 오지급에 25억 보상…업비트 해킹 보상은 7.9억",뉴스1 | 네이트 | 세계일보 | 비즈니스포스트 | 네이트,가상자산 거래소의 사고 발생 및 보상 사례를 통해 금융 사고 발생 시 책임 및 대응 방안에 대한 시사점을 얻을 수 있음.,"가상자산 거래소의 사고 사례는 카카오와 직접적인 영향 경로가 약하나, 금융 사고 발생 시 대응 방안에 대한 간접적인 참고 자료가 될 수 있음. / v23_category_reassign:government_without_policy_basis",False,False
I099,배민B마트 산지 직거래 확대 효과 톡톡,배달의민족 B마트,SELF_AFFILIATE_BUSINESS,경쟁사_해외이슈,FILLER_REFERENCE,,COMP_DOMESTIC_FINANCE_COMMERCE,domestic,119.5,1,1,1,1,1849,1849,배민B마트 산지 직거래 확대 효과 톡톡…농축산물 매출 53%↑,v.daum.net,배민B마트가 산지 직거래를 확대하여 농축산물 매출이 53% 증가했음을 인지.,"경쟁사의 커머스 사업 성공 사례로, 카카오 커머스 사업 전략 수립에 참고할 수 있음. (ID 1841, 1843, 1844, 1845, 1850, 1852, 1853, 1834, 1837, 1842, 1855, 1848, 1846와 유사 이슈)",False,False
I100,공공 AI 신속 개발을 위한 민간 중심 정부 조직 신설,공공 AI,GOV_AI_DIGITAL_POLICY,정부_국회,,GOV_AI_CORE_POLICY,,other,118.0,1,1,1,1,110,110,[단독] '공공AI 신속개발' 민간중심 정부조직 만든다,전자신문,정부가 공공 AI 분야의 신속한 개발을 위해 민간 전문가 중심의 전담 조직을 신설할 계획임을 인지.,"정부의 공공 AI 분야 민간 협력 및 정책 추진 방향에 대한 중요한 정보로, 카카오의 AI 사업 전략에 직접적인 영향을 줄 수 있음.",False,False
I101,공공 AI 신속 개발을 위한 민간 전담 조직 신설,공공 AI,GOV_AI_DIGITAL_POLICY,정부_국회,,GOV_AI_CORE_POLICY,,other,118.0,1,1,1,1,148,148,[단독] '공공AI 신속개발' 민간 전담조직 만든다,전자신문,정부가 공공 AI 분야의 신속한 개발을 위해 민간 전담 조직을 신설할 계획임을 인지.,"정부의 공공 AI 분야 민간 협력 및 정책 추진 방향에 대한 중요한 정보로, 카카오의 AI 사업 전략에 직접적인 영향을 줄 수 있음. (ID 110과 동일 이슈)",False,False
I102,"젠슨 황, 엔비디아 매출 전망 및 SK하이닉스·SKT 주식 언급",엔비디아-SKT 협력,COMPETITOR_PLATFORM_RISK,경쟁사_해외이슈,,,COMP_DOMESTIC_STRATEGY,domestic,117.0,1,1,1,1,1509,1509,"젠슨 황 ""엔비디아 내년 매출 5배↑...SK하닉·SKT 주식 아직 싸다"" - 머니투데이",머니투데이,SKT의 AI 인프라 투자 및 전략 방향을 파악하여 카카오의 AI 인프라 경쟁력 및 투자 전략에 대한 시사점을 얻을 수 있음.,"SKT와 엔비디아의 협력 강화는 국내 AI 인프라 시장 경쟁 구도에 영향을 미치므로, 카카오의 AI 인프라 전략 수립에 중요한 참고 자료가 됨.",False,False
I103,방산 AI 생태계 진화 및 국책 과제 수행,AI 방산,GOV_AI_DIGITAL_POLICY,경쟁사_해외이슈,,GOV_AI_CORE_POLICY,,other,117.0,1,1,1,1,1289,1289,"방산 AI 생태계의 진화… 퀀텀에어로, 드론 자율비행 플랫폼 국책과제 수행",한국데이터경제신문,"방산 분야 AI 생태계가 진화하고 있으며, 퀀텀에어로가 드론 자율비행 플랫폼 국책 과제를 수행함을 인지.","AI 기술의 방산 분야 적용 및 정부 국책 과제 관련 소식으로, AI 기술의 사회적 영향력 확대 및 새로운 사업 기회 탐색에 참고. / v23_category_reassign:government_without_policy_basis",False,False
I104,대한민국 AI 경쟁력 강화 정책,AI 정책,GOV_AI_DIGITAL_POLICY,경쟁사_해외이슈,,GOV_AI_CORE_POLICY,,other,117.0,1,1,1,1,102,102,"글로벌 TOP3, 대한민국 AI 월클 맞습니다 - 영상 | 멀티미디어",대한민국 정책브리핑,정부가 대한민국의 AI 경쟁력을 글로벌 최상위 수준으로 끌어올리기 위한 정책 추진 의지를 표명함.,"정부의 AI 육성 의지를 보여주는 정책 발표로, 국내 AI 산업 생태계 전반에 대한 이해도를 높이는 데 필요. / v23_category_reassign:government_without_policy_basis",False,False
I105,오픈AI의 슈퍼앱 전략,AI/서비스,SELF_AFFILIATE_BUSINESS,자사_및_계열사_이슈,STRATEGIC_REFERENCE,,COMP_OVERSEAS_PLATFORM_AI,overseas,116.0,1,1,1,2,22,"22,1969","챗GPT의 다음 목표는 ‘슈퍼앱’…카카오·삼성·SK와 맞물린 오픈AI 한국 전략 | 오픈AI ""챗GPT"" 슈퍼앱 전환 선언, IPO 앞두고 기업 매출 50% 목표 잡은 배경",테크42 | 디지털포커스,오픈AI가 챗GPT를 슈퍼앱으로 전환하려는 전략은 카카오톡의 슈퍼앱 전략 및 AI 서비스 연동 방향에 대한 시사점을 제공합니다. / 오픈AI가 챗GPT를 슈퍼앱으로 전환하고 IPO를 준비하는 것은 글로벌 AI 시장의 경쟁 구도 변화와 기업 가치 평가 기준에 대한 참고 자료가 될 수 있습니다.,글로벌 AI 기업의 서비스 전략 변화는 카카오톡 슈퍼앱 전략과 직접적으로 비교 분석될 수 있는 중요한 정보입니다. / 글로벌 AI 기업의 사업 확장 및 상장 계획은 카카오의 AI 사업 전략 및 경쟁 구도에 대한 중요한 시사점을 제공합니다.,False,False
I106,충북형 AI 윤리 기준 및 가이드라인 개발,AI 윤리,GOV_AI_DIGITAL_POLICY,정부_국회,,GOV_AI_CORE_POLICY,,other,115.5,1,1,1,1,1279,1279,"충북교육청,‘충북형 AI 윤리 기준‧가이드라인’개발‧보급",대한민국교육신문,충북교육청이 개발 보급하는 AI 윤리 기준 및 가이드라인의 존재를 인지.,"AI 윤리 관련 지역 단위 정책 동향 파악에 필요하며, 향후 다른 지역 또는 중앙 정부 정책에 참고될 수 있음.",False,False
I107,AI 기반 헬스케어 전략,AI 기술 동향,GOV_AI_DIGITAL_POLICY,정부_국회,,GOV_AI_CORE_POLICY,,other,111.5,1,1,1,1,2203,2203,"디지털헬스학회, “AI 기반 생애주기 건강관리 전략 모색”",라포르시안,AI 기반 헬스케어 시장 동향 및 기술 적용 가능성 파악,AI 기반 헬스케어 분야의 기술 및 전략 동향을 파악하는 것은 카카오의 미래 사업 전략 수립에 중요한 참고 자료가 될 수 있습니다. / v23_category_reassign:industry_item_is_policy_issue,False,False
I108,AI 경제 플랫폼 확산,AI 기술 동향,GOV_AI_DIGITAL_POLICY,경쟁사_해외이슈,,GOV_AI_CORE_POLICY,,other,109.5,1,1,1,1,2265,2265,"디지버스(Digiverse) AI신경제 플랫폼 전 세계 확산, 2026년 6월 튀르키예·독일·일본 현황",AI넷,글로벌 AI 경제 플랫폼 '디지버스'의 확산 동향 파악,글로벌 AI 경제 플랫폼의 확산 동향은 카카오의 AI 서비스 및 플랫폼 전략 수립에 중요한 참고 자료입니다. / v23_category_reassign:industry_item_is_competitor_issue,False,False
I109,게임 개발에서의 생성형 AI 활용,AI 기술 동향,GOV_AI_DIGITAL_POLICY,정부_국회,,GOV_AI_CORE_POLICY,,other,108.5,1,1,1,1,2194,2194,"`생성형 AI`, 게임 개발 혁명의 트리거…파이프라인 재편 본격화 [AI, 게임 개발의 새 문법上]",디지털데일리,생성형 AI가 게임 개발 파이프라인 재편에 미치는 영향 파악,생성형 AI의 게임 개발 분야 적용 확대는 카카오 게임 사업 전략 수립 및 관련 기술 동향 파악에 중요합니다. / v23_category_reassign:industry_item_is_policy_issue,False,False
I110,의료 AI 세미나,AI 의료,GOV_AI_DIGITAL_POLICY,경쟁사_해외이슈,,GOV_AI_CORE_POLICY,,other,108.0,1,1,1,2,2216,"2216,2210","전북대병원 '의료 AI 세미나' 개최 | 전북대병원, 의료 AI 세미나 성료…미래 의료 혁신 방향 제시",브레이크뉴스 전북 | 투데이안,전북대병원 의료 AI 세미나 개최 소식 파악 / 전북대병원 의료 AI 세미나 성료 및 미래 의료 혁신 방향 제시 소식 파악,의료 분야 AI 도입 및 활용 동향은 카카오의 헬스케어 서비스 개발 및 신규 사업 기회 발굴에 중요합니다. / v23_category_reassign:industry_item_is_competitor_issue,False,False
I111,AI 에이전트 대전환,AI 기술 동향,GOV_AI_DIGITAL_POLICY,산업동향,,GOV_AI_CORE_POLICY,,other,107.5,1,1,1,1,2214,2214,"[D-BIZ 글로벌 동향] “AI, 단순 명령 넘어 스스로 추론한다”... 제4회 텐진 국제 해운 박람회서 ‘AI 에이전트’ 대전환 주목",데일리비즈온,AI 에이전트의 대전환 동향 및 텐진 국제 해운 박람회에서의 논의 파악,AI 에이전트 기술의 발전 및 산업 적용 동향은 카카오의 AI 서비스 경쟁력 확보와 신규 사업 기회 발굴에 중요합니다.,False,False
I112,성인 웹툰 광고 삭제 및 접속 차단 조치,콘텐츠 유통 규제,GOV_PLATFORM_REGULATION,경쟁사_해외이슈,,GOV_PLATFORM_MARKET_RULE,,other,107.0,1,1,1,1,273,273,청소년 노린 '성인 웹툰' 광고 1081건에 삭제·접속차단 조치,네이트,청소년 유해 광고로 분류된 성인 웹툰 광고에 대한 삭제 및 접속 차단 조치가 이루어졌음을 인지.,"콘텐츠 유통 및 광고 관련 규제 집행 사례로, 플랫폼 운영 시 유의사항을 파악하는 데 참고. / v23_category_reassign:government_without_policy_basis",False,False
I113,AI 부트캠프 및 산업 현장 체험 프로그램,AI 교육 및 인프라,GOV_AI_DIGITAL_POLICY,경쟁사_해외이슈,,GOV_AI_CORE_POLICY,,other,106.5,1,1,1,1,2193,2193,"강원대학교 AI부트캠프사업단, 'AWS코리아 산업 현장체험 프로그램' 개최",이코노믹포스트,강원대학교 AI부트캠프사업단과 AWS코리아의 산업 현장 체험 프로그램 개최 소식 파악,AI 인재 양성 프로그램 동향은 카카오의 AI 사업 경쟁력 확보 및 관련 생태계 구축에 중요한 참고 자료가 됩니다. / v23_category_reassign:industry_item_is_competitor_issue,False,False
I114,AI 기반 고령자 돌봄 표준화,AI 의료,GOV_AI_DIGITAL_POLICY,산업동향,,GOV_AI_CORE_POLICY,,other,106.5,1,1,1,1,2213,2213,"AI의료헬스케어연구원, 고령자 돌봄 ‘능동형 생활 지원’ 표준화 논의",라포르시안,AI의료헬스케어연구원의 고령자 돌봄 '능동형 생활 지원' 표준화 논의 파악,AI 기술을 활용한 고령자 돌봄 서비스 동향은 카카오의 사회적 책임 이행 및 신규 사업 기회 발굴에 중요한 시사점을 제공합니다.,False,False
I115,글로벌 산업 이슈,AI 기술 동향,GOV_AI_DIGITAL_POLICY,경쟁사_해외이슈,,GOV_AI_CORE_POLICY,,other,106.5,1,1,1,1,2195,2195,[글로벌 시그널] Daily 세계 산업 이슈(6월 8일),산업종합저널,Daily 세계 산업 이슈 종합 파악,글로벌 산업 동향에 대한 폭넓은 이해는 카카오의 전략적 의사결정에 필수적입니다. / v23_category_reassign:industry_item_is_competitor_issue,False,False
I116,AI 노트북 시장 동향,AI 기술 동향,GOV_AI_DIGITAL_POLICY,경쟁사_해외이슈,,GOV_AI_CORE_POLICY,,other,106.5,1,1,1,1,2253,2253,"AI 노트북 시장 Arm 점유율, 2029년 약 34%까지 상승 전망",보드나라,AI 노트북 시장에서 Arm 아키텍처 점유율 전망 파악,AI 하드웨어 시장의 기술 동향은 카카오의 AI 서비스 개발 및 플랫폼 확장 전략에 영향을 줄 수 있습니다. / v23_category_reassign:industry_item_is_competitor_issue,False,False
I117,AI 데이터 활용 노하우,AI 기술 동향,GOV_AI_DIGITAL_POLICY,산업동향,,GOV_AI_CORE_POLICY,,other,106.5,1,1,1,1,2217,2217,'글로벌 기업 AI 데이터 활용 노하우 전수' 부산 디지털대전환 포럼,네이트,글로벌 기업의 AI 데이터 활용 노하우 공유 동향 파악,AI 데이터 활용 노하우는 카카오의 AI 서비스 고도화 및 경쟁력 확보에 직접적인 영향을 미치므로 중요합니다.,False,False
I118,소버린 AI 및 데이터베이스 솔루션,AI 기술 동향,GOV_AI_DIGITAL_POLICY,경쟁사_해외이슈,,GOV_AI_CORE_POLICY,,other,106.5,1,1,1,1,2255,2255,"펜타시스템, EDB와 협력…EDB 포스트그레SQL DB로 소버린 AI 공략",네이트,펜타시스템과 EDB의 협력을 통한 소버린 AI 공략 전략 파악,소버린 AI 및 데이터베이스 솔루션 관련 시장 동향은 카카오의 AI 서비스 개발 및 데이터 주권 확보 전략에 영향을 줄 수 있습니다. / v23_category_reassign:industry_item_is_competitor_issue,False,False
I119,카카오페이의 '코인 베팅' 딜레마,카카오페이 코인 베팅,SELF_AFFILIATE_BUSINESS,자사_및_계열사_이슈,FILLER_REFERENCE,,,other,105.5,1,2,1,1,12,12,[카카오 ‘부활’②] 실체 없는 '코인 베팅'에 올인한 카카오페이의 딜레마,비즈트리뷴,"카카오페이의 사업 전략 및 위험 관리에 대한 내부 논의와 개선 필요성을 제기하며, 향후 유사한 투자 결정에 대한 참고 자료가 될 수 있음.",카카오페이의 암호화폐 사업 추진과 관련된 이슈는 카카오 그룹의 금융 사업 전략 및 위험 관리에 대한 시사점을 제공하므로 참고할 가치가 있음.,False,False
I120,CSO 규제 및 지출보고서 실태조사 강화,CSO 규제,GOV_PLATFORM_REGULATION,경쟁사_해외이슈,,GOV_REGULATORY_ENFORCEMENT,,other,105.5,1,1,1,1,1119,1119,강화되는 CSO 규제·지출보고서 실태조사… 일동그룹 'CPLINK'로 원스톱 대비,약업신문,CSO(공동판매대행) 규제 강화 및 지출보고서 실태조사 강화 추세를 인지.,"CSO 관련 규제 강화 동향으로, 잠재적 사업 연관성을 고려하여 주목할 필요가 있음. / v23_category_reassign:government_without_policy_basis",False,False
I121,"카카오, AI 성과 지연 우려로 52주 신저가 기록",카카오 주가 하락,SELF_AFFILIATE_BUSINESS,자사_및_계열사_이슈,STRATEGIC_REFERENCE,,,other,105.0,1,1,1,2,7,"7,28","카카오, 52주 신저가…AI 성과 지연 우려에 5%대↓ | 카카오, 52주 신저가…AI 성과 지연 우려에 5%대↓",서울경제 | 네이트,"카카오의 현재 경영 상황 및 투자자들의 AI 성과에 대한 기대를 보여주며, 향후 AI 전략 및 성과 창출에 대한 압박 요인이 될 수 있음.","카카오의 주가 변동은 투자자들의 AI 성과에 대한 기대를 반영하는 지표로, 회사의 AI 전략 및 성과 창출의 중요성을 보여줌.",False,False
I122,"카카오페이, 청년 디지털 금융 리더 '사각사각 서포터즈' 모집",카카오페이,SELF_AFFILIATE_BUSINESS,자사_및_계열사_이슈,STRATEGIC_REFERENCE,,,other,105.0,1,1,1,8,19,"19,23,92,45,88,89,90,78","카카오페이, 청년 디지털 금융 리더 '사각사각 서포터즈' 모집 | 카카오페이, '사각사각 서포터즈' 100명 모집…포용금융 인재 육성 | ""카카오페이와 함께 할 청년 디지털 금융 리더 찾아요"" | ""카카오페이와 함께 할 청년 디지털 금융 리더 찾아요"" | 카카오페이, '사각사각 서포터즈' 100명 모집…포용금융 인재 육성",이데일리 | 뉴시스 | 파이낸셜뉴스 | 네이트 | 네이트,"카카오페이의 '사각사각 서포터즈' 프로그램은 청년들의 디지털 금융 이해도를 높이고 금융 소외 계층 지원 활동에 참여하도록 함으로써, 카카오페이의 금융 포용 정책 실현 및 브랜드 이미지 강화에 기여합니다.","카카오페이의 '사각사각 서포터즈' 운영은 금융 교육 및 포용 금융 확대를 위한 전략적 활동으로 분류합니다. (ID 23, 29, 31, 38, 43, 45, 88, 89, 90, 92, 78, 21, 25, 6, 13, 17, 90 등과 유사 맥락) / 카카오페이의 '사각사각 서포터즈' 운영은 금융 교육 및 포용 금융 확대를 위한 전략적 활동으로 분류합니다. (ID 19, 29, 31, 38, 43, 45, 88, 89, 90, 92, 78, 21, 25, 6, 13, 17, 90 등과 유사 맥락) / 카카오페이의 '사각사각 서포터즈' 운영은 금융 교육 및 포용 금융 확대를 위한 전략적 활동으로 분류합니다. (ID 19, 23, 29,",False,False
I123,"스페이스X, IPO 앞두고 구글과 AI 클라우드 계약",AI 데이터센터,COMPETITOR_PLATFORM_RISK,경쟁사_해외이슈,,,COMP_OVERSEAS_REGULATION_DATA,overseas,101.25,1,1,1,1,1895,1895,"스페이스X, IPO 앞두고 구글과 AI 클라우드 계약 체결",뉴스1,스페이스X가 IPO를 앞두고 구글과 AI 클라우드 계약을 체결했음을 인지.,"AI 인프라 구축 관련 빅테크 간의 협력 사례로, 카카오의 AI 인프라 전략 수립에 참고할 수 있음. (ID 1889와 유사 이슈)",False,False
I124,"OpenAI, ChatGPT 락다운 모드 공개",OpenAI 보안,COMPETITOR_AI_STRATEGY,경쟁사_해외이슈,,,COMP_OVERSEAS_PLATFORM_AI,overseas,100.5,1,1,1,1,1941,1941,오픈AI ‘ChatGPT 락다운 모드’ 공개… 기업용 보안 위해 브라우징·에이전트 차단,AI 매터스,"카카오의 AI 서비스 보안 강화 전략 수립에 참고할 수 있으며, 기업 고객 대상 AI 서비스 제공 시 보안 요구사항 파악에 도움이 됨.","AI 서비스의 보안 강화는 중요하며, 글로벌 선도 기업의 움직임은 카카오의 AI 전략 수립에 중요한 참고가 됨.",False,False
I125,"카카오페이, 청년들과 디지털 금융 사각지대 해소",카카오페이,SELF_AFFILIATE_BUSINESS,자사_및_계열사_이슈,STRATEGIC_REFERENCE,,,other,97.5,1,1,1,2,29,"29,43","카카오페이, 청년들과 디지털 금융 사각지대 해소 나서 | 카카오페이, 청년들과 디지털 금융 사각지대 해소 나서",뉴스1 | 네이트,"카카오페이의 청년 대상 금융 교육 및 지원 활동은 금융 소외 계층의 디지털 금융 접근성을 높이고, 카카오페이의 사회적 책임 이행 및 긍정적 이미지 구축에 기여합니다.","카카오페이의 청년 지원 활동은 금융 포용 및 사회적 책임과 관련된 전략적 이슈로 분류합니다. (ID 19, 23, 31, 38, 43, 45, 88, 89, 90, 92, 78, 21, 25, 6, 13, 17, 90 등과 유사 맥락) / 카카오페이의 청년 지원 활동은 금융 포용 및 사회적 책임과 관련된 전략적 이슈로 분류합니다. (ID 19, 23, 29, 31, 38, 45, 88, 89, 90, 92, 78, 21, 25, 6, 13, 17, 90 등과 유사 맥락)",False,False
I126,"카카오페이, 청년 포용금융 리더 양성",카카오페이,SELF_AFFILIATE_BUSINESS,자사_및_계열사_이슈,STRATEGIC_REFERENCE,,,other,97.0,1,1,1,1,15,15,"카카오페이, 청년 포용금융 리더 100명 키운다",전자신문,"카카오페이의 청년 대상 포용금융 리더 양성 프로그램은 금융 소외 계층 지원 및 금융 교육 확대에 기여하며, 카카오페이의 사회적 책임 이행 및 브랜드 이미지 제고에 긍정적인 영향을 줄 수 있습니다.",카카오페이의 청년 포용금융 리더 양성 프로그램은 사회적 가치 창출 및 ESG 경영 강화와 관련된 전략적 활동으로 분류합니다.,False,False
I127,챗GPT 보안 모드 도입,챗GPT,COMPETITOR_AI_STRATEGY,경쟁사_해외이슈,,,COMP_OVERSEAS_PLATFORM_AI,overseas,96.75,1,1,1,1,1960,1960,"챗GPT, 웹·에이전트 기능 제한하는 보안 모드 도입…민감정보 보호 강화",데일리시큐,오픈AI가 챗GPT에 웹 및 에이전트 기능 제한 보안 모드를 도입하여 민감 정보 보호를 강화했음을 인지.,"핵심 경쟁사인 오픈AI의 AI 모델 보안 기능 강화 동향으로, 카카오 AI 서비스 개발 및 운영에 직접적인 영향을 줄 수 있음.",False,False
I128,"오픈AI, 상장 앞두고 챗GPT 개편",오픈AI,COMPETITOR_AI_STRATEGY,경쟁사_해외이슈,,,COMP_OVERSEAS_PLATFORM_AI,overseas,95.75,1,1,1,1,1978,1978,"오픈AI, 상장 앞두고 챗GPT 개편…'코덱스' 힘준다",이데일리,오픈AI가 상장을 앞두고 챗GPT 개편을 통해 '코덱스' 기능 강화에 집중하고 있음을 인지.,"AI 분야 선두 기업인 오픈AI의 상장 준비 및 서비스 개편 동향으로, 카카오의 AI 사업 경쟁력 확보에 대한 시사점을 제공.",False,False
I129,"상장 시나리오 속 오픈AI, 챗GPT 코딩·에이전트 결합 '슈퍼앱' 재편",오픈AI,COMPETITOR_AI_STRATEGY,경쟁사_해외이슈,,,COMP_OVERSEAS_PLATFORM_AI,overseas,95.75,1,1,1,2,1956,"1956,1932","상장 시나리오 속 오픈AI, 챗GPT 코딩·에이전트 결합 '슈퍼앱' 재편 | 상장 시나리오 속 오픈AI, 챗GPT 코딩·에이전트 결합 ′슈퍼앱′ 재편",네이트 | 알파경제,오픈AI가 상장을 앞두고 챗GPT에 코딩 및 에이전트 기능을 결합하여 슈퍼앱으로 재편 중임을 인지.,"AI 선두 기업의 플랫폼화 전략으로, 카카오의 AI 서비스 경쟁력 확보에 대한 시사점을 제공. (ID 1943, 1932와 유사 이슈) / AI 선두 기업의 플랫폼화 전략으로, 카카오의 AI 서비스 경쟁력 확보에 대한 시사점을 제공. (ID 1943, 1956와 유사 이슈)",False,False
I130,"카카오페이증권, 마케팅 투자 대비 성과 분석",카카오페이증권,SELF_AFFILIATE_BUSINESS,자사_및_계열사_이슈,STRATEGIC_REFERENCE,,,other,95.5,1,1,1,2,2,"2,83","카카오페이증권, 1400억원 쏟아부은 마케팅…'실속 없는 외형 성장' [모래 위에 쌓은 금융탑①] | 카카오페이증권, 1400억원 쏟아부은 마케팅…'실속 없는 외형 성장' [모래 위에 쌓은 금융탑①]",v.daum.net | 이투데이,카카오페이증권의 대규모 마케팅 투자에도 불구하고 실질적인 성장이 부진하다는 분석은 향후 투자 및 마케팅 전략 수립에 대한 시사점을 제공합니다.,카카오페이증권의 마케팅 투자 대비 성과 분석은 사업 효율성 측면에서 주목할 만한 이슈이므로 STRATEGIC_REFERENCE로 분류합니다. / 카카오페이증권의 마케팅 투자 대비 성과 분석은 사업 효율성 측면에서 주목할 만한 이슈이므로 STRATEGIC_REFERENCE로 분류합니다. (ID 2와 동일 맥락),False,False
I131,"카카오페이, '사각사각 서포터즈' 1기 모집",카카오페이,SELF_AFFILIATE_BUSINESS,자사_및_계열사_이슈,STRATEGIC_REFERENCE,,,other,95.5,1,1,1,2,38,"38,13","카카오페이, '사각사각 서포터즈' 1기…청년 디지털 금융 리더 100명 선발 | 카카오페이, ‘사각사각 서포터즈’ 1기 모집",데일리안 | 뉴스웰,"카카오페이의 '사각사각 서포터즈' 활동은 청년들의 금융 이해도를 높이고 금융 사각지대 해소에 기여함으로써, 카카오페이의 사회적 책임 이행 및 긍정적 브랜드 가치 제고에 기여합니다.","카카오페이의 '사각사각 서포터즈' 운영은 금융 교육 및 포용 금융 확대를 위한 전략적 활동으로 분류합니다. (ID 19, 23, 29, 31, 43, 45, 88, 89, 90, 92, 78, 21, 25, 6, 13, 17, 90 등과 유사 맥락) / 카카오페이의 '사각사각 서포터즈' 운영은 금융 교육 및 포용 금융 확대를 위한 전략적 활동으로 분류합니다. (ID 19, 23, 29, 31, 38, 43, 45, 88, 89, 90, 92, 78, 21, 25, 6, 17, 90 등과 유사 맥락)",False,False
I132,"카카오페이, 청년 디지털 금융 리더 100명 모집",카카오페이,SELF_AFFILIATE_BUSINESS,자사_및_계열사_이슈,STRATEGIC_REFERENCE,,,other,95.5,1,1,1,2,31,"31,6","카카오페이, 청년 디지털 금융 리더 100명 모집 | 카카오페이, 청년 디지털 금융 리더 100명 모집",뉴스프리존 | 아시아투데이,"카카오페이가 청년 디지털 금융 리더를 양성하는 것은 금융 교육 확산과 디지털 금융 접근성 개선에 기여하며, 카카오페이의 사회적 책임 이행 및 긍정적 브랜드 이미지 구축에 도움이 됩니다.","카카오페이의 청년 금융 리더 모집은 금융 교육 및 포용 금융 확대와 관련된 전략적 활동으로 분류합니다. (ID 19, 23, 29, 38, 43, 45, 88, 89, 90, 92, 78, 21, 25, 6, 13, 17, 90 등과 유사 맥락) / 카카오페이의 청년 금융 리더 모집은 금융 교육 및 포용 금융 확대와 관련된 전략적 활동으로 분류합니다. (ID 19, 23, 29, 31, 38, 43, 45, 88, 89, 90, 92, 78, 21, 25, 13, 17, 90 등과 유사 맥락)",False,False
I133,"오픈AI, IPO 앞두고 챗GPT 대개편 '슈퍼앱' 변신",오픈AI,COMPETITOR_AI_STRATEGY,경쟁사_해외이슈,,,COMP_OVERSEAS_PLATFORM_AI,overseas,95.25,1,1,1,1,1943,1943,"오픈AI, IPO 앞두고 챗GPT 대개편...'슈퍼앱' 변신 승부수",SBSBiz,오픈AI가 IPO를 앞두고 챗GPT를 '슈퍼앱'으로 만들기 위한 개편을 진행 중임을 인지.,"AI 선두 기업의 플랫폼화 전략으로, 카카오톡의 슈퍼앱 전략과 비교하여 카카오의 방향성을 점검하는 데 중요. (ID 1956, 1932와 유사 이슈)",False,False
I134,IPO 앞둔 빅테크 AI 기업들의 상장 규모,IPO,COMPETITOR_AI_STRATEGY,경쟁사_해외이슈,,,COMP_OVERSEAS_PLATFORM_AI,overseas,95.25,1,1,1,1,1936,1936,상장 규모만 2000억달러 ‘스페이스X·오픈AI·앤트로픽’… 지수 끌어내릴 수도,세계일보,"스페이스X, 오픈AI, 앤트로픽 등 빅테크 AI 기업들의 상장 규모가 거대하며, 시장에 영향을 줄 수 있음을 인지.","AI 분야 빅테크 기업들의 IPO 동향은 시장 전체의 투자 및 성장 방향을 보여주는 지표로, 카카오의 AI 사업 전략 수립에 참고할 가치가 있음.",False,False
I135,"메타, AI 투자 위해 유상증자 검토",메타,COMPETITOR_AI_STRATEGY,경쟁사_해외이슈,,,COMP_OVERSEAS_PLATFORM_AI,overseas,94.5,1,1,1,1,1998,1998,메타도 AI 투자 위해 유상증자 검토,조선일보,메타가 AI 투자 확대를 위해 유상증자를 검토 중임을 인지.,"AI 투자 확대에 따른 빅테크 기업의 자금 조달 전략으로, 카카오의 AI 사업 투자 및 재원 확보 방안을 고려하는 데 참고.",False,False
I136,"오픈AI, 챗GPT 개편 및 AI 에이전트 배치",오픈AI,COMPETITOR_AI_STRATEGY,경쟁사_해외이슈,,,COMP_OVERSEAS_PLATFORM_AI,overseas,94.25,1,1,1,1,1928,1928,"오픈AI, 챗GPT 출시 후 최대 개편…AI 에이전트 전면 배치",한국경제,글로벌 AI 선도 기업인 오픈AI의 최신 서비스 개편 동향을 파악하여 카카오의 AI 기술 개발 및 서비스 전략 수립에 참고할 필요가 있습니다.,오픈AI의 AI 에이전트 배치 강화는 카카오의 AI 서비스 전략에 직접적인 영향을 줄 수 있는 경쟁사의 주요 움직임이므로 분류합니다.,False,False
I137,"카카오페이, 청년 금융 리더 100명 모집 및 디지털 격차 해소",카카오페이,SELF_AFFILIATE_BUSINESS,자사_및_계열사_이슈,STRATEGIC_REFERENCE,,,other,94.0,1,1,1,1,14,14,"카카오페이, 청년 금융 리더 100명 모집···디지털 격차 해소",이뉴스투데이,"카카오페이가 청년 금융 리더를 양성하고 디지털 격차 해소에 나서는 것은 금융 교육 확산 및 사회적 책임 이행에 기여하며, 카카오페이의 긍정적 브랜드 이미지 구축에 도움이 됩니다.","카카오페이의 청년 금융 리더 모집 및 디지털 격차 해소 활동은 금융 교육 및 포용 금융 확대와 관련된 전략적 이슈로 분류합니다. (ID 19, 23, 29, 31, 38, 43, 45, 88, 89, 90, 92, 78, 21, 25, 6, 13, 17, 90 등과 유사 맥락)",False,False
I138,"카카오페이, '사각사각 서포터즈'로 금융 사각지대 해소",카카오페이,SELF_AFFILIATE_BUSINESS,자사_및_계열사_이슈,STRATEGIC_REFERENCE,,,other,94.0,1,1,1,1,21,21,"카카오페이, '사각사각 서포터즈'로 금융 사각지대 줄인다",SR타임스,"카카오페이의 '사각사각 서포터즈' 활동은 청년들의 금융 이해도를 높이고 금융 사각지대 해소에 기여함으로써, 카카오페이의 사회적 책임 이행 및 긍정적 브랜드 가치 제고에 기여합니다.","카카오페이의 '사각사각 서포터즈' 운영은 금융 교육 및 포용 금융 확대를 위한 전략적 활동으로 분류합니다. (ID 19, 23, 29, 31, 38, 43, 45, 88, 89, 90, 92, 78, 25, 6, 13, 17, 90 등과 유사 맥락)",False,False
I139,"카카오페이, 청년 100명과 금융 사각지대 해소",카카오페이,SELF_AFFILIATE_BUSINESS,자사_및_계열사_이슈,STRATEGIC_REFERENCE,,,other,94.0,1,1,1,1,25,25,"카카오페이, 청년 100명과 금융 사각지대 해소 나선다",ER 이코노믹리뷰,"카카오페이가 청년들과 함께 금융 사각지대 해소에 나서는 것은 금융 교육 확대 및 디지털 금융 접근성 개선에 기여하며, 카카오페이의 사회적 책임 이행 및 긍정적 브랜드 이미지 구축에 도움이 됩니다.","카카오페이의 청년 지원 활동은 금융 포용 및 사회적 책임과 관련된 전략적 이슈로 분류합니다. (ID 19, 23, 29, 31, 38, 43, 45, 88, 89, 90, 92, 78, 21, 6, 13, 17, 90 등과 유사 맥락)",False,False
I140,"카카오페이, 청년 디지털 금융 리더 모집",카카오페이,SELF_AFFILIATE_BUSINESS,자사_및_계열사_이슈,STRATEGIC_REFERENCE,,,other,94.0,1,1,1,1,17,17,[금융레이더]삼성생명/iM라이프/KDB생명/NH손보/카카오페이/저축은행중앙회,대한경제,"카카오페이가 청년 디지털 금융 리더를 양성하는 것은 금융 교육 확산과 디지털 금융 접근성 개선에 기여하며, 카카오페이의 사회적 책임 이행 및 긍정적 브랜드 이미지 구축에 도움이 됩니다.","카카오페이의 청년 금융 리더 모집은 금융 교육 및 포용 금융 확대와 관련된 전략적 활동으로 분류합니다. (ID 19, 23, 29, 31, 38, 43, 45, 88, 89, 90, 92, 78, 21, 25, 6, 13, 90 등과 유사 맥락)",False,False
I141,"구글, 메타의 AI 투자 위한 유상증자 검토","구글, 메타",COMPETITOR_AI_STRATEGY,경쟁사_해외이슈,,,COMP_OVERSEAS_PLATFORM_AI,overseas,93.75,1,1,1,1,1890,1890,구글 이어 메타도 유상증자 '만지작'...AI 올인,SBSBiz,글로벌 선도 IT 기업들의 AI 투자 현황을 파악하여 카카오의 AI 기술 경쟁력 강화 및 시장 선점 전략에 대한 인사이트를 얻을 수 있습니다.,글로벌 빅테크들의 AI 분야 투자 확대 움직임은 카카오의 AI 전략 수립에 중요한 경쟁 동향이므로 분류합니다.,False,False
I142,"구글 제미나이, 애플 시리에 탑재 예정","구글, 애플",COMPETITOR_AI_STRATEGY,경쟁사_해외이슈,,,COMP_OVERSEAS_PLATFORM_AI,overseas,93.75,1,1,1,1,1874,1874,'AI 지각생 딱지' 뗄까…구글 제미나이 품은 애플 시리 베일 벗는다,뉴시스,글로벌 IT 기업들의 AI 기술 통합 및 서비스 확대 동향을 파악하여 카카오의 AI 서비스 경쟁력 강화 및 새로운 사업 기회 모색에 참고할 필요가 있습니다.,구글의 제미나이가 애플 시리에 탑재될 가능성은 AI 음성 비서 시장 경쟁에 영향을 미치므로 카카오의 관련 전략 수립에 참고할 필요가 있습니다.,False,False
I143,"오픈AI, 챗GPT '슈퍼앱' 개편 및 기업 고객 유치 강화",오픈AI,COMPETITOR_AI_STRATEGY,경쟁사_해외이슈,,,COMP_OVERSEAS_PLATFORM_AI,overseas,93.25,1,1,1,1,1961,1961,"상장 앞둔 오픈AI, 챗GPT '슈퍼앱'으로 개편한다…기업 고객 유치 강화",네이트,글로벌 AI 기업 오픈AI의 사업 확장 전략 변화를 파악하여 카카오의 AI 플랫폼 경쟁력 강화 및 기업 대상 서비스 모델 구축에 참고할 필요가 있습니다.,오픈AI의 챗GPT를 슈퍼앱으로 개편하고 기업 고객 유치를 강화하는 움직임은 카카오의 AI 사업 전략에 중요한 경쟁 신호로 작용합니다. (ID 1928과 유사 맥락),False,False
I144,global_incident:platform_regulation:financial_authority:platform_regulation,government_general_low_relevance,GOV_PLATFORM_REGULATION,정부_국회,,GOV_GENERAL_LOW_RELEVANCE,,other,92.0,2,2,1,2,530,"530,662","보이스피싱부터 로맨스 스캠까지...금감원, 금융사기 예방 콘텐츠 공개 | 윌라, 금감원·은행연합회와 보이스피싱 예방 오디오북 ‘사기 예방 백과사전’ 공개",청년일보 | 더밸류뉴스,정부/국회 기사이나 카카오 플랫폼·AI·디지털금융과 연결 경로가 약함,로컬 보조 라벨,False,False
I145,해외 PMSE 규칙 및 중소기업·소비자 보호,플랫폼 규제,COMPETITOR_PLATFORM_RISK,경쟁사_해외이슈,,OFF_TOPIC,COMP_OVERSEAS_REGULATION_DATA,overseas,92.0,1,1,1,1,1150,1150,무역 장관: 새로운 PMSE 규칙은 중소기업과 소비자 보호를 강화합니다.,VOI.id,"해외 PMSE(Public Mobile Service Equipment) 규칙 강화 및 중소기업, 소비자 보호 동향 파악",해외 플랫폼 규제 동향은 카카오의 글로벌 사업 전략 및 국내 정책 대응에 참고할 수 있는 중요한 정보입니다. / v23_category_reassign:government_without_policy_basis,False,False
I146,하도급거래 실태조사,공정거래/규제,GOV_PLATFORM_REGULATION,경쟁사_해외이슈,,GOV_GENERAL_LOW_RELEVANCE,,other,90.5,2,2,1,1,324,324,"공정위, 사업자 10만곳 하도급거래 실태조사…안전관리 원사업자로 확대",뉴시스,"공정위의 하도급거래 실태조사는 카카오와 직접적인 관련성은 낮으나, 전반적인 기업 거래 환경 규제 강화 추세를 파악하는 데 참고할 수 있습니다.","카카오와의 직접적인 영향 경로가 약하며, 일반적인 기업 규제 동향으로 분류합니다. / v23_category_reassign:government_without_policy_basis",False,False
I147,공정위 유통·대리점 거래구조 진단,공정거래/거래구조,GOV_PLATFORM_REGULATION,경쟁사_해외이슈,,GOV_GENERAL_LOW_RELEVANCE,,other,90.5,2,2,1,1,337,337,"공정위, 유통·대리점 거래구조 첫 정밀 진단...영업이익률까지 조사",미디어펜,"공정위의 유통·대리점 거래구조 진단은 카카오의 직접적인 사업 영역과는 거리가 있으나, 국내 유통 시장 전반의 규제 동향으로 참고할 수 있습니다.","카카오와의 직접적인 영향 경로가 약하며, 일반적인 유통 시장 규제 동향으로 분류합니다. / v23_category_reassign:government_without_policy_basis",False,False
I148,가상자산 거래소 해킹·전산사고 보상액,가상자산/해킹,GOV_PLATFORM_REGULATION,경쟁사_해외이슈,,GOV_GENERAL_LOW_RELEVANCE,,other,90.5,2,2,1,1,790,790,작년 5대 코인거래소 해킹·전산사고 보상액 33억 넘어,금융소비자뉴스,가상자산 거래소의 해킹 및 전산사고 보상액 관련 뉴스는 카카오의 금융 서비스에서의 보안 및 고객 보호 중요성을 재확인시키는 사례입니다.,"카카오와의 직접적인 영향 경로가 약하며, 가상자산 거래소의 특정 사고에 대한 내용입니다. / v23_category_reassign:government_without_policy_basis",False,False
I149,global_incident:platform_regulation:platform_sector:platform_regulation,government_general_low_relevance,GOV_PLATFORM_REGULATION,정부_국회,,GOV_GENERAL_LOW_RELEVANCE,,other,90.5,2,2,1,1,178,178,판결문 다른 소송에 내면 개인정보 보호 위반?[주목! 개인정보 판례],이데일리,정부/국회 기사이나 카카오 플랫폼·AI·디지털금융과 연결 경로가 약함,로컬 보조 라벨,False,False
I150,창고형약국 규제 복지부령 지연,플랫폼 규제,GOV_PLATFORM_REGULATION,경쟁사_해외이슈,,OFF_TOPIC,,other,85.0,1,1,1,1,1115,1115,창고형약국 규제 복지부령 국무조정실서 6개월째 '낮잠',데일리팜,창고형 약국 관련 복지부령이 국무조정실에서 6개월째 처리가 지연되고 있음을 인지.,"플랫폼 규제 관련 정부 정책 결정 지연 사례로, 규제 환경 변화에 대한 예측 및 대응 전략 수립에 참고. / v23_category_reassign:government_without_policy_basis",False,False
I151,"CU, 티빙 등 대형 서비스 개인정보 유출",개인정보 유출,SELF_DIRECT_RISK,경쟁사_해외이슈,DIRECT_RISK,GOV_GENERAL_LOW_RELEVANCE,,other,82.0,1,1,1,2,175,"175,172",CU편의점·티빙 등 대형서비스 3곳 해킹… 개인정보 줄줄 새 | CU편의점·티빙 등 대형서비스 3곳 해킹… 개인정보 줄줄 새,v.daum.net | 기호일보,"카카오 서비스의 보안 및 개인정보 보호 강화 필요성을 제기하며, 관련 법규 준수 및 대응 방안 마련에 대한 경각심을 높임.",대형 서비스들의 연이은 개인정보 유출 사고는 카카오의 보안 및 개인정보 보호 정책 강화에 직접적인 영향을 미칠 수 있는 중요한 이슈임. / v23_category_reassign:self_without_kakao_entity,False,False
I152,카카오게임즈 최대주주 변경 및 공동대표 체제,카카오게임즈,SELF_AFFILIATE_BUSINESS,자사_및_계열사_이슈,FILLER_REFERENCE,,COMP_DOMESTIC_STRATEGY,other,81.5,1,1,1,4,70,"70,26,52,55","임시 주총여는 카카오게임즈, 이사회 전면 개편 | 라인 품에 안긴 카카오게임즈, 김태환·이시우 '투톱 체제'로 체질 개선 승부 | 라인야후 품에 안긴 카카오게임즈…새 경영진 꾸리고 반등 노린다 | 라인야후 품에 안긴 카카오게임즈…새 경영진 꾸리고 반등 노린다",인벤 | 핀포인트뉴스 | v.daum.net | 진일보,카카오게임즈의 임시 주주총회를 통한 이사회 전면 개편으로 경영 투명성 및 의사결정 구조 변화를 가져올 수 있습니다. / 카카오게임즈의 경영진 변화 및 체질 개선 전략을 파악. / 카카오게임즈의 일본 라인야후와의 파트너십 강화 및 신규 경영진 구성으로 사업 방향 재정립 및 실적 개선 기대.,"카카오게임즈의 이사회 전면 개편은 경영권 관련 직접적인 변화이므로 DIRECT_RISK로 분류합니다. (ID 52, 55와 연관 가능성) / 카카오게임즈의 경영진 인선 및 체질 개선 관련 소식으로, 직접적인 리스크나 전략적 중요도는 낮으나 자사 이슈 부족 시 참고 가능. / 카카오게임즈의 일본 라인야후와의 협력 및 경영진 개편 소식으로, 직접적인 정책 이슈는 아니나 계열사 경영 현황 파악에 참고할 가치가 있어 분류합니다. / 카카오게임즈의 일본 라인야후와의 협력 및 경영진 개편 소식으로, 직접적인 정책 이슈는 아니나 계열사 경영 현황 파악에 참고할 가치가 있어 분류합니다. (ID 52와 동일 기사)",False,False
I153,"카카오뱅크, 문화소외계층 위한 '모두의 국악' 행사 개최",카카오뱅크,SELF_AFFILIATE_BUSINESS,자사_및_계열사_이슈,FILLER_REFERENCE,,,other,80.5,1,1,1,10,69,"69,34,35,30,49,71,72,24,18,20","카카오뱅크, 문화예술 사회공헌 확대로 포용적 가치 실천 | 카카오뱅크, 문화소외계층 600명 초청 '모두의 국악' 개최 | 카카오뱅크, 문화소외계층 600명 초청 '모두의 국악' 열어 | 카카오뱅크, 문화소외계층 600여 명 ‘모두의 국악’ 초청 | 카카오뱅크, 문화소외계층 위한 ‘모두의 국악‘ 진행",뉴스인사이드 | 데일리안 | 포인트데일리 | 팝콘뉴스 | 스포츠한국,"카카오뱅크가 문화소외계층을 초청하여 국악 공연을 제공하는 것은 문화 접근성 확대 및 사회공헌 활동 강화에 기여하며, 카카오뱅크의 긍정적 이미지 구축에 도움이 됩니다.","카카오뱅크의 문화 소외 계층 대상 행사 개최는 사회공헌 활동으로 분류합니다. (ID 34, 35, 30, 71, 72, 24, 18, 20, 49 등과 유사 맥락) / 카카오뱅크의 문화 소외 계층 대상 행사 개최는 사회공헌 활동으로 분류합니다. (ID 35, 30, 69, 71, 72, 24, 18, 20, 49 등과 유사 맥락) / 카카오뱅크의 문화 소외 계층 대상 행사 개최는 사회공헌 활동으로 분류합니다. (ID 34, 30, 69, 71, 72, 24, 18, 20, 49 등과 유사 맥락) / 카카오뱅크의 문화 소외 계층 대상 행사 개최는 사회공헌 활동으로 분류합니다. (ID 34, 35, 69, 71, 72, 24, 18, 20,",False,False
I154,금융사의 내부통제 및 소비자보호 강화,금융/보험 규제,GOV_PLATFORM_REGULATION,경쟁사_해외이슈,,GOV_GENERAL_LOW_RELEVANCE,,other,78.0,2,2,1,1,371,371,"""내부통제부터 소비자보호까지…"" 삼성화재, 사전예방 중심의 리스크 관리강화",주간한국,삼성화재의 내부통제 및 소비자보호 강화 동향 파악,삼성화재의 내부통제 및 소비자보호 강화 관련 뉴스는 카카오 금융 사업과의 직접적인 연관성이 낮아 우선순위가 낮습니다. / v23_category_reassign:government_without_policy_basis,False,False
I155,선관위 투표용지 부족 관련 수사,선관위 수사,GOV_AI_DIGITAL_POLICY,경쟁사_해외이슈,,GOV_APPOINTMENT_GOVERNANCE,,other,77.5,2,2,1,1,654,654,"'투표용지 부족' 선관위 수사 본궤도…경찰, 오늘 고발인 조사",연합뉴스,카카오와 무관한 선거관리위원회 관련 이슈이므로 영향 없음.,"선거관리위원회 관련 이슈로, 카카오의 사업이나 정책에 직접적인 관련성이 없음. / v23_category_reassign:government_without_policy_basis",False,True
I156,민선 9기 지방정부 인수위 구성,지방정부 인수위,GOV_AI_DIGITAL_POLICY,경쟁사_해외이슈,,GOV_APPOINTMENT_GOVERNANCE,,other,77.5,2,2,1,1,608,608,관행 탈피한 민선 9기 지방정부 인수위…실무형·미니 조직 구성(종합),연합뉴스,카카오와 무관한 지방정부 조직 개편 관련 이슈이므로 영향 없음.,"지방정부 조직 개편 관련 뉴스로, 카카오의 사업이나 정책에 직접적인 관련성이 낮음. / v23_category_reassign:government_without_policy_basis",False,True
I157,통합 CRO 플랫폼 시장,플랫폼 산업 동향,INDUSTRY_STRUCTURAL_CHANGE,경쟁사_해외이슈,,,,other,77.5,1,1,1,2,2240,"2240,2242","""통합 CRO 플랫폼 알린다"" 디티앤씨알오, '바이오 USA' 참가 | ""통합 CRO 플랫폼 알린다"" 디티앤씨알오, '바이오 USA' 참가",파이낸셜뉴스 | 네이트,통합 CRO 플랫폼 시장 동향 및 디티앤씨알오의 바이오 USA 참가 소식 파악,"신약 개발 플랫폼 시장 동향은 IT 기술이 헬스케어 산업에 접목되는 사례를 보여주므로, 카카오의 헬스케어 사업 확장 전략 수립에 참고할 수 있습니다. / v23_category_reassign:industry_item_is_competitor_issue",False,False
I158,바이오 DX 및 무선 모니터링 시장 개척,플랫폼 규제,GOV_PLATFORM_REGULATION,경쟁사_해외이슈,,OFF_TOPIC,,other,77.0,1,1,1,1,1138,1138,"""셧다운 없는 바이오 DX""… 모넷코리아, 5대 공정 통합 무선 모니터링 시장 개척",한국데이터경제신문,바이오 DX 및 통합 무선 모니터링 시장 개척 동향 파악,"바이오 DX 및 통합 무선 모니터링 시장 개척 동향은 IT 기술의 산업 적용 사례를 보여주며, 카카오의 사업 확장 및 기술 트렌드 파악에 도움이 됩니다. / v23_category_reassign:government_without_policy_basis",False,False
I159,카카오톡 복지 서비스 연계,카카오톡 서비스,SELF_AFFILIATE_BUSINESS,자사_및_계열사_이슈,FILLER_REFERENCE,,,other,75.75,1,1,1,1,1,1,"복지서비스 확인부터 신청까지, 카카오톡에서 한 번에",대한민국 정책브리핑,카카오톡을 통한 복지 서비스 연계 확대 현황 파악.,"카카오톡의 공공 서비스 연계 사례로, 직접적인 리스크는 없으나 서비스 현황 파악에 참고 가능.",False,False
I160,"카카오뱅크, 국립중앙박물관서 '모두의 국악' 개최",카카오뱅크,SELF_AFFILIATE_BUSINESS,자사_및_계열사_이슈,FILLER_REFERENCE,,,other,75.0,1,1,1,1,5,5,"카카오뱅크, 국립중앙박물관서 '모두의 국악' 개최",전자신문,"카카오뱅크가 국립중앙박물관과 협력하여 '모두의 국악' 행사를 개최하는 것은 문화 접근성 확대 및 사회공헌 활동 강화에 기여하며, 카카오뱅크의 긍정적 이미지 구축에 도움이 됩니다.","카카오뱅크의 문화 소외 계층 대상 행사 개최는 사회공헌 활동으로 분류합니다. (ID 34, 35, 30, 69, 71, 72, 24, 18, 20, 49 등과 유사 맥락)",False,False
I161,금융권 플랫폼 고도화,플랫폼 산업 동향,INDUSTRY_STRUCTURAL_CHANGE,경쟁사_해외이슈,,,,other,74.5,1,1,1,1,2241,2241,"데이터 읽고 고객 붙잡고…""금융권 플랫폼 고도화 속도""",한국면세뉴스,금융권의 플랫폼 고도화 및 데이터 활용 동향 파악,금융권의 플랫폼 고도화 및 데이터 활용 전략은 카카오의 금융 서비스 경쟁력 강화 및 신규 서비스 개발에 참고할 수 있습니다. / v23_category_reassign:industry_item_is_competitor_issue,False,False
I162,오픈소스 데이터 플랫폼 시장,플랫폼 산업 동향,INDUSTRY_STRUCTURAL_CHANGE,경쟁사_해외이슈,,,,other,74.5,1,1,1,1,2249,2249,"펜타시스템·EDB, 엔터프라이즈 오픈소스 데이터 플랫폼 시장 공략 맞손",데이터넷,펜타시스템과 EDB의 엔터프라이즈 오픈소스 데이터 플랫폼 시장 공략 협력 파악,데이터 플랫폼 시장의 기술 동향 및 경쟁 구도 변화는 카카오의 데이터 인프라 구축 및 관리 전략에 참고할 수 있습니다. / v23_category_reassign:industry_item_is_competitor_issue,False,False
I163,"더블유드레스룸, 카카오톡선물하기 단독 상품 출시",카카오톡선물하기,SELF_AFFILIATE_BUSINESS,자사_및_계열사_이슈,FILLER_REFERENCE,,,other,73.75,1,1,1,1,41,41,"더블유드레스룸, 카카오톡선물하기 단독 ‘퍼퓸 핸드케어 타월 세트’ 출시",이넷뉴스,더블유드레스룸이 카카오톡선물하기 전용 상품을 출시하여 카카오톡선물하기 채널의 상품 다양성을 확대하고 이용자 편의를 증진합니다.,"카카오톡 선물하기 플랫폼의 입점 상품 관련 뉴스로, 직접적인 정책 이슈는 아니나 플랫폼 운영 및 상품 정책 수립에 참고할 만한 운영 소식으로 분류합니다.",False,False
I164,"송파구, 카톡으로 육아 부모에게 월령별 정보 제공",카카오톡,SELF_AFFILIATE_BUSINESS,자사_및_계열사_이슈,FILLER_REFERENCE,,,other,72.75,1,1,1,1,84,84,"송파구, 2세 미만 육아 부모에 카톡으로 월령별 정보 제공",뉴스1,"송파구가 카카오톡을 활용하여 육아 부모에게 맞춤형 정보를 제공함으로써, 카카오톡의 공공 서비스 플랫폼으로서의 활용 가능성을 보여줍니다.","카카오톡이 공공 서비스 정보 전달 채널로 활용되는 사례로, 플랫폼 확장 및 사회적 기여 측면에서 참고할 만한 운영 소식으로 분류합니다.",False,False
I165,"카카오뱅크 기업정보, 재무제표, 최신 뉴스 분석",카카오뱅크,SELF_AFFILIATE_BUSINESS,자사_및_계열사_이슈,FILLER_REFERENCE,,,other,72.5,1,1,1,1,93,93,"카카오뱅크(323410) | 기업정보, 재무제표, 최신 뉴스 분석",이데일리,"카카오뱅크의 기업 정보, 재무제표, 최신 뉴스 분석은 카카오뱅크의 경영 상태 및 시장에서의 위치를 이해하는 데 도움을 줍니다.","카카오뱅크의 기업 정보 및 재무 현황 관련 기사로, 직접적인 정책 이슈는 아니지만 계열사 경영 현황 파악에 참고할 만한 운영 소식으로 분류합니다.",False,False
I166,"카카오게임즈, 신작 MMORPG '도깨비의세계' 명칭 확정",카카오게임즈,SELF_AFFILIATE_BUSINESS,자사_및_계열사_이슈,FILLER_REFERENCE,,,other,72.0,1,1,1,1,95,95,"카카오게임즈, 신작 MMORPG '도깨비의세계' 공식 명칭 확정",인벤,"카카오게임즈의 신작 MMORPG '도깨비의세계' 명칭 확정은 신규 게임 출시를 위한 준비 과정을 보여주며, 향후 게임 사업 성장에 대한 기대감을 높입니다.","카카오게임즈의 신작 게임 출시 관련 소식으로, 직접적인 정책 이슈는 아니나 사업 현황 파악에 참고할 만한 운영 소식으로 분류합니다.",False,False
I167,2026년 상반기 최악의 해킹 사고 전망,해킹 사고 전망,GOV_PLATFORM_REGULATION,경쟁사_해외이슈,,OFF_TOPIC,,other,67.5,2,2,2,1,1272,1272,FBI·발전소 다 털렸다…2026년 상반기 최악의 해킹 사고들,디지털투데이,"미래의 잠재적 보안 위협에 대한 경각심을 높이지만, 카카오의 현재 대응 전략에 직접적인 지침을 제공하지는 않음.","미래의 잠재적 해킹 사고에 대한 전망으로, 카카오의 현재 시점에서의 직접적인 대응이나 정책 수립에 필수적인 정보로 보기 어려움. / v23_category_reassign:government_without_policy_basis",False,True
I168,딥페이크 기술 정교화 및 식별 방법,딥페이크 식별,GOV_PLATFORM_REGULATION,경쟁사_해외이슈,,OFF_TOPIC,,other,67.5,2,2,2,1,1252,1252,"딥페이크 기술이 점점 더 정교해지고 있는데, 어떻게 식별할 수 있을까요?",Vietnam.vn,"딥페이크 기술의 발전은 카카오의 콘텐츠 생성 및 유통 플랫폼에 영향을 미칠 수 있으나, 직접적인 규제나 정책 연관성은 낮음.","딥페이크 기술에 대한 일반적인 정보 제공으로, 카카오의 정책 대응이나 사업 전략에 직접적인 영향을 주지 않음. / v23_category_reassign:government_without_policy_basis",False,True
I169,핀테크·보안주 동반 약세,핀테크/보안주 동향,GOV_PLATFORM_REGULATION,경쟁사_해외이슈,,OFF_TOPIC,,other,67.5,2,2,2,1,1137,1137,핀테크·보안주까지 동반 약세… 인터넷은행 테마 조정 본격화,핀포인트뉴스,"카카오의 핀테크 및 보안 관련 사업에 간접적인 영향을 줄 수 있으나, 현재 카카오의 직접적인 정책 이슈와는 거리가 있음.","거시적인 시장 동향으로, 카카오의 특정 사업이나 정책에 대한 직접적인 영향은 미미함. / v23_category_reassign:government_without_policy_basis",False,True
I170,"국민의힘, 김경수 '딥페이크 의혹' 제기에 '드루킹 시즌2 공작' 반발",딥페이크 의혹,GOV_PLATFORM_REGULATION,경쟁사_해외이슈,,OFF_TOPIC,,other,67.0,2,2,2,1,1255,1255,"국민의힘, 김경수 ‘딥페이크 의혹’ 제기에 “드루킹 시즌2 공작” 반발",CBC뉴스,카카오와 무관한 정치권의 딥페이크 관련 공방이므로 영향 없음.,"정치권의 딥페이크 관련 공방으로, 카카오의 사업이나 정책에 직접적인 관련성이 낮음. / v23_category_reassign:government_without_policy_basis",False,True
I171,티빙 개인정보 유출 사고,플랫폼/보안,GOV_PLATFORM_REGULATION,경쟁사_해외이슈,,GOV_GENERAL_LOW_RELEVANCE,,other,66.5,2,1,1,1,170,170,"티빙 개인정보 유출 사건, 교훈은?",유스연합,"티빙 개인정보 유출 사건은 플랫폼 사업자의 보안 관리의 중요성을 재확인시키며, 카카오의 데이터 보호 정책 및 시스템 점검에 대한 시사점을 제공합니다.","카카오의 직접적인 사업 관련성은 낮으나, 플랫폼 사업자의 보안 관리 동향으로 참고할 수 있습니다. / v23_category_reassign:government_without_policy_basis",False,False
I172,"빗썸, 업비트 보상 관련 이슈",암호화폐 보상,GOV_PLATFORM_REGULATION,경쟁사_해외이슈,,GOV_GENERAL_LOW_RELEVANCE,,other,42.5,1,1,1,2,580,"580,1080",빗썸 오지급에 25억원 보상…업비트 해킹보다 3배 많아 | 빗썸 비트코인 오지급에 25억 보상…업비트 해킹 보상은 7.9억,신아일보 | decenter.kr,빗썸과 업비트에서 발생한 비트코인 오지급 및 해킹 사고에 대한 보상 규모를 파악.,"암호화폐 거래소 관련 이슈로, 카카오와의 직접적인 연관성은 낮으나 유사 서비스 운영 시 참고 가능. (ID 1080과 동일 이슈) / v23_category_reassign:government_without_policy_basis / 암호화폐 거래소 관련 이슈로, 카카오와의 직접적인 연관성은 낮으나 유사 서비스 운영 시 참고 가능. / v23_category_reassign:government_without_policy_basis",False,False
I173,"가맹, 유통, 대리점, 하도급 실태 점검",공정거래,GOV_PLATFORM_REGULATION,경쟁사_해외이슈,,GOV_GENERAL_LOW_RELEVANCE,,other,40.25,1,1,1,1,317,317,"공정위, 가맹·유통·대리점·하도급 실태 전반 점검",서울경제TV,"공정거래위원회가 가맹, 유통, 대리점, 하도급 등 전반적인 시장 실태를 점검함을 인지.","플랫폼 사업자로서 공정거래 이슈는 중요하나, 본 기사는 특정 산업 분야에 국한된 실태 점검으로 카카오에 대한 직접적인 영향력은 낮음. / v23_category_reassign:government_without_policy_basis",False,False
I174,가맹계약서 필수품목 기재 실태점검,공정거래,GOV_PLATFORM_REGULATION,경쟁사_해외이슈,,GOV_GENERAL_LOW_RELEVANCE,,other,40.25,1,1,1,1,357,357,"공정위, 가맹계약서 필수품목 기재 실태점검 실시",이데일리,공정거래위원회가 가맹계약서 필수품목 기재 실태점검을 실시함을 인지.,"플랫폼 사업자로서 공정거래 이슈는 중요하나, 본 기사는 가맹 사업 관련 내용으로 카카오에 대한 직접적인 영향력은 낮음. (ID 317과 유사 이슈) / v23_category_reassign:government_without_policy_basis",False,False
I175,인공지능법 연구 세미나 개최,AI 법제,GOV_AI_DIGITAL_POLICY,정부_국회,,GOV_AI_CORE_POLICY,,other,37.0,1,1,1,1,176,176,"한국정보통신법학회 · 한국데이터인공지능법정책학회, '인공지능법 연구' 출판 기념 세미나",법률신문,AI 법제화 논의의 현황과 주요 쟁점을 파악할 수 있는 세미나 개최 사실을 인지.,"AI 법제화 관련 학술 행사 소식으로, AI 서비스 운영에 영향을 미칠 수 있는 법률 동향 파악에 필요. / v23_guardrail_fail:simple_mou_pr_or_low_materiality",False,True
I176,주택 시장 거래량 변화,부동산 시장 동향,GOV_PLATFORM_REGULATION,경쟁사_해외이슈,,OFF_TOPIC,,other,35.5,2,2,2,3,1110,"1110,1125,1132","강남 신고가 잠잠한데 동탄은 '껑충'…수도권 신고가 비중 '뚝' | 5월 수도권 아파트 신고가 거래, 올해 첫 10% 미만 | 수도권 집값 숨고르기…신고가 거래 비중 올해 첫 10% 아래로",한국경제 | 기호일보 | hdnews.co.kr,수도권 주택 시장 신고가 거래 비중 변화 파악 / 5월 수도권 아파트 신고가 거래 비중 변화 파악 / 수도권 집값 숨고르기 및 신고가 거래 비중 변화 파악,카카오와 직접적인 관련성이 낮고 정책적 함의가 없어 제외합니다. / v23_category_reassign:government_without_policy_basis,False,True
I177,가맹·유통·대리점·하도급 불공정 행위 실태조사,공정거래,GOV_PLATFORM_REGULATION,경쟁사_해외이슈,,GOV_GENERAL_LOW_RELEVANCE,,other,32.25,3,2,1,2,315,"315,308","공정위, 가맹·유통·대리점·하도급 불공정 행위 실태조사 | 공정위, 가맹·유통·대리점·하도급 실태 점검 및 조사",연합뉴스TV | 연합뉴스,"공정위의 실태조사는 가맹, 유통, 대리점, 하도급 관련 사업자에게 영향을 주지만, 카카오의 직접적인 사업 영역과는 거리가 있음.",카카오의 사업 및 정책 환경에 직접적인 영향이 미미하여 제외함. / v23_category_reassign:government_without_policy_basis,False,True
I178,선거 관련 법안,공정거래,GOV_PLATFORM_REGULATION,경쟁사_해외이슈,,GOV_GENERAL_LOW_RELEVANCE,,other,31.5,3,2,1,1,407,407,"금배지 단 한동훈, ‘1호 법안’으로 선관위 정조준...“외부 감사 근거 마련”",매일경제,한동훈 의원의 1호 법안으로 선관위 외부 감사 근거 마련 관련 내용은 카카오 사업 운영과 직접적인 연관성이 낮음.,정치권의 법안 발의 소식으로 카카오의 사업 및 정책 환경에 직접적인 영향이 미미하여 제외함. / v23_category_reassign:government_without_policy_basis,False,True
I179,경제 법안,금융,GOV_PLATFORM_REGULATION,경쟁사_해외이슈,,GOV_GENERAL_LOW_RELEVANCE,,other,31.0,3,2,1,1,535,535,멈췄던 경제법안 다시 줄 선다…유통 규제 완화·금융 입법이 후반기 핵심 쟁점 [다시 도는 입법시계],이투데이,"경제 법안 논의는 전반적인 시장 환경에 영향을 줄 수 있으나, 카카오의 특정 사업 영역에 대한 직접적인 영향은 불분명함.",카카오의 사업 및 정책 환경에 직접적인 영향이 불분명하여 제외함. / v23_category_reassign:government_without_policy_basis,False,True
I180,하도급 관련 공정위 입장,공정거래,GOV_PLATFORM_REGULATION,경쟁사_해외이슈,,GOV_GENERAL_LOW_RELEVANCE,,other,30.75,3,2,1,1,344,344,"공정위, ""중동 전쟁은 불가항력…하도급 공기 연장·대금 조정 가능""",기계설비신문,"공정위의 불가항력 관련 입장은 건설·플랜트 산업 등 특정 산업 분야에 영향을 줄 수 있으나, 카카오 사업과는 직접적인 연관성이 낮음.",카카오의 사업 및 정책 환경에 직접적인 영향이 미미하여 제외함. / v23_category_reassign:government_without_policy_basis,False,True
I181,일동그룹 CPLINK 서비스 확대,플랫폼/서비스 동향,GOV_PLATFORM_REGULATION,경쟁사_해외이슈,,OFF_TOPIC,,other,30.0,2,2,2,1,1107,1107,"일동그룹, ‘CPLINK’ 서비스 확대",e-의료정보,일동그룹의 CPLINK 서비스 확대 소식 파악,카카오와 직접적인 관련성이 낮고 정책적 함의가 없어 제외합니다. / v23_category_reassign:government_without_policy_basis,False,True
I182,"카카오벤처스, 탭제로 시드 투자 유치",AI 스타트업 투자,SELF_AFFILIATE_BUSINESS,자사_및_계열사_이슈,STRATEGIC_REFERENCE,,,other,26.5,1,1,1,3,16,"16,8,47","AI 기반 건강수명 스타트업 '탭제로', 카카오벤처스 시드 투자 유치 | 카카오벤처스, AI 기반 롱제비티 스타트업 '탭제로' 시드 투자 | 카카오벤처스, AI 기반 롱제비티 스타트업 '탭제로' 시드 투자",전자신문 | 아시아경제 | 네이트,"카카오벤처스의 AI 분야 투자 활동을 보여주며, 카카오의 AI 생태계 확장 및 기술 트렌드 파악에 기여함.",카카오벤처스의 AI 스타트업 투자는 카카오의 AI 생태계 전략과 관련되어 중요하게 참고할 만한 이슈임. / v23_guardrail_fail:simple_mou_pr_or_low_materiality / 카카오벤처스의 AI 스타트업 투자는 카카오의 AI 생태계 전략과 관련되어 중요하게 참고할 만한 이슈임. / v23_guardrail_fail:kakao_ventures_seed_investment_promo,False,True
I183,"AI 기반 롱제비티 스타트업 ‘탭제로’, 카카오벤처스로부터 시드 투자 유치",AI 스타트업 투자,SELF_AFFILIATE_BUSINESS,자사_및_계열사_이슈,STRATEGIC_REFERENCE,,,other,23.5,1,1,1,1,79,79,"AI 기반 롱제비티 ’탭제로’, 카카오벤처스로부터 시드 투자 유치",와우테일,"카카오벤처스의 AI 분야 투자 활동을 보여주며, 카카오의 AI 생태계 확장 및 기술 트렌드 파악에 기여함.",카카오벤처스의 AI 스타트업 투자는 카카오의 AI 생태계 전략과 관련되어 중요하게 참고할 만한 이슈임. / v23_guardrail_fail:simple_mou_pr_or_low_materiality,False,True
I184,"AI 기반 롱제비티 스타트업 ‘탭제로’, 카카오벤처스에서 시드 투자 유치",AI 스타트업 투자,SELF_AFFILIATE_BUSINESS,자사_및_계열사_이슈,STRATEGIC_REFERENCE,,,other,23.5,1,1,1,1,76,76,"AI 기반 롱제비티 스타트업 ‘탭제로’, 카카오벤처스에서 시드 투자 유치",플래텀(Platum),"카카오벤처스의 AI 분야 투자 활동을 보여주며, 카카오의 AI 생태계 확장 및 기술 트렌드 파악에 기여함.",카카오벤처스의 AI 스타트업 투자는 카카오의 AI 생태계 전략과 관련되어 중요하게 참고할 만한 이슈임. / v23_guardrail_fail:simple_mou_pr_or_low_materiality,False,True
I185,홍콩 ELS 판매은행 제재,ELS 과징금,GOV_PLATFORM_REGULATION,경쟁사_해외이슈,,GOV_GENERAL_LOW_RELEVANCE,,other,13.5,2,2,1,3,472,"472,545,489","ELS 과징금 감경되는데…치솟는 환율이 은행주 발목 | [분석] 은행, 홍콩ELS 과징금 리스크 마무리...불확실성 해소 | 지배구조 개편부터 ELS 제재까지…은행권 현안 마침표 찍나",뉴스저널리즘 | 알파경제 | 뉴스투데이,카카오의 금융 사업과 직접적인 관련이 없는 은행권의 ELS 관련 이슈이므로 영향 없음. / 카카오의 금융 사업과 직접적인 관련이 없는 은행권의 현안이므로 영향 없음.,"은행권의 ELS 과징금 관련 뉴스로, 카카오의 사업 모델 및 정책과 직접적인 연관성이 낮음. / v23_category_reassign:government_without_policy_basis / 은행권의 ELS 제재 관련 뉴스로, 카카오의 사업 모델 및 정책과 직접적인 연관성이 낮음. / v23_category_reassign:government_without_policy_basis",False,True
I186,"공정위, 온라인 유통 '갑질' 정조준 실태조사 착수",공정위 실태조사,GOV_PLATFORM_REGULATION,경쟁사_해외이슈,,GOV_GENERAL_LOW_RELEVANCE,,other,11.75,2,2,1,2,376,"376,316","온라인 유통 '갑질' 정조준…공정위, 유통·대리점 실태조사 착수 | 온라인 유통 '갑질' 정조준...공정위, 유통·대리점 실태조사 착수",네이트 | 뉴스핌,카카오의 사업 모델 및 주요 파트너사와의 관계에 직접적인 영향을 미치지 않는 일반적인 유통/대리점 거래 관련 이슈이므로 영향 없음.,"일반적인 유통/대리점 거래 관련 뉴스로, 카카오의 사업이나 정책에 직접적인 관련성이 낮음. / v23_category_reassign:government_without_policy_basis",False,True
I187,"금감원, 무자본 M&A 기업 24개사 적발",금감원 기업 적발,GOV_PLATFORM_REGULATION,경쟁사_해외이슈,,GOV_GENERAL_LOW_RELEVANCE,,other,10.5,2,2,1,1,843,843,"금감원, 공시위반·회계분식 등 무자본 M&A한 기업 24개사 적발",전자신문,카카오의 사업 및 금융 관련 정책과 직접적인 연관성이 낮은 금감원의 일반 기업 규제 이슈이므로 영향 없음.,"금감원의 일반 기업 규제 관련 뉴스로, 카카오의 사업이나 정책에 직접적인 관련성이 낮음. / v23_category_reassign:government_without_policy_basis",False,True
I188,"금감원, 사기예방 백과사전 오디오북 배포",금감원 오디오북 배포,GOV_PLATFORM_REGULATION,경쟁사_해외이슈,,GOV_GENERAL_LOW_RELEVANCE,,other,10.5,2,2,1,1,659,659,"금감원, `사기예방 백과사전` 오디오북 형태로 무료 배포…전국 시각장애인 도서관 13곳 기증",매일신문,카카오와 무관한 금융감독원의 일반 대중 대상 홍보 활동이므로 영향 없음.,"금융감독원의 홍보성 캠페인으로, 카카오의 사업이나 정책에 직접적인 관련성이 낮음. / v23_category_reassign:government_without_policy_basis",False,True
I189,"금융위, 롯데카드 제재 수위 결정",롯데카드 제재,GOV_PLATFORM_REGULATION,경쟁사_해외이슈,,GOV_GENERAL_LOW_RELEVANCE,,other,10.5,2,2,1,1,438,438,"금융위, 롯데카드 제재 수위 이르면 7월 결정… 완화 가능성도 - 조선비즈",Chosunbiz,카카오와 무관한 금융사의 제재 관련 이슈이므로 영향 없음.,"금융사의 제재 관련 뉴스로, 카카오의 사업이나 정책에 직접적인 관련성이 낮음. / v23_category_reassign:government_without_policy_basis",False,True
I190,"공정위, 갑을 관계 실태조사 착수",공정위 실태조사,GOV_PLATFORM_REGULATION,경쟁사_해외이슈,,GOV_GENERAL_LOW_RELEVANCE,,other,10.5,2,2,1,1,336,336,"공정위, ‘부당 갑을 관계’ 뿌리 뽑는다…하도급·유통·가맹 실태조사 착수",아시아경제,카카오의 사업 모델 및 주요 파트너사와의 관계에 직접적인 영향을 미치지 않는 일반적인 유통/대리점 거래 관련 이슈이므로 영향 없음.,"일반적인 유통/대리점 거래 관련 뉴스로, 카카오의 사업이나 정책에 직접적인 관련성이 낮음. / v23_category_reassign:government_without_policy_basis",False,True
I191,"금감원, 운용사 내부통제 구멍 관련 제재",운용사 내부통제,GOV_PLATFORM_REGULATION,정부_국회,,GOV_GENERAL_LOW_RELEVANCE,,other,10.5,2,2,1,1,547,547,"운용사 내부통제 또 구멍···금감원, 리딩·KY에 연이어 제재",여성경제신문,카카오와 무관한 자산운용사의 내부통제 관련 이슈이므로 영향 없음.,"자산운용사의 내부통제 관련 뉴스로, 카카오의 사업이나 정책에 직접적인 관련성이 낮음.",False,True
I192,"공정위, 유통·대리점 거래 서면실태조사 착수",공정위 실태조사,GOV_PLATFORM_REGULATION,경쟁사_해외이슈,,GOV_GENERAL_LOW_RELEVANCE,,other,10.25,2,2,1,1,332,332,"공정위, 유통·대리점 거래 서면실태조사 착수",데일리안,카카오의 사업 모델 및 주요 파트너사와의 관계에 직접적인 영향을 미치지 않는 일반적인 유통/대리점 거래 관련 이슈이므로 영향 없음.,"일반적인 유통/대리점 거래 관련 뉴스로, 카카오의 사업이나 정책에 직접적인 관련성이 낮음. / v23_category_reassign:government_without_policy_basis",False,True
I193,'서면 실태조사'에 담긴 공정위의 규제 신호,공정위 실태조사,GOV_PLATFORM_REGULATION,경쟁사_해외이슈,,GOV_GENERAL_LOW_RELEVANCE,,other,10.25,2,2,1,1,313,313,[알쓸비법] '서면 실태조사'에 담긴 공정위의 규제 신호,비즈한국,카카오의 사업 모델 및 주요 파트너사와의 관계에 직접적인 영향을 미치지 않는 일반적인 유통/대리점 거래 관련 이슈이므로 영향 없음.,"일반적인 유통/대리점 거래 관련 뉴스로, 카카오의 사업이나 정책에 직접적인 관련성이 낮음. / v23_category_reassign:government_without_policy_basis",False,True
I194,"공정위, 유통·대리점 거래 실태조사 착수",공정위 실태조사,GOV_PLATFORM_REGULATION,경쟁사_해외이슈,,GOV_GENERAL_LOW_RELEVANCE,,other,10.25,2,2,1,1,312,312,"공정위, 유통·대리점 거래 실태조사 착수… 온라인 불공정거래·집중도 점검",뉴시안,카카오의 사업 모델 및 주요 파트너사와의 관계에 직접적인 영향을 미치지 않는 일반적인 유통/대리점 거래 관련 이슈이므로 영향 없음.,"일반적인 유통/대리점 거래 관련 뉴스로, 카카오의 사업이나 정책에 직접적인 관련성이 낮음. / v23_category_reassign:government_without_policy_basis",False,True
I195,"공정위, 제조·용역·건설업 10만개 업체 대상 실태조사 착수",공정위 실태조사,GOV_PLATFORM_REGULATION,정부_국회,,GOV_GENERAL_LOW_RELEVANCE,,other,10.25,2,2,1,1,321,321,"공정위, 제조·용역·건설업 10만개 업체 대상 실태조사 착수",아주경제,카카오의 사업 모델 및 주요 파트너사와의 관계에 직접적인 영향을 미치지 않는 일반적인 기업 거래 관련 이슈이므로 영향 없음.,"일반적인 기업 거래 관련 뉴스로, 카카오의 사업이나 정책에 직접적인 관련성이 낮음.",False,True
I196,"일동그룹, CP 관리 플랫폼 'CPLINK' 고도화",일동그룹,GOV_PLATFORM_REGULATION,정부_국회,,GOV_GENERAL_LOW_RELEVANCE,,other,-31.0,1,1,2,1,1116,1116,"일동그룹, CP 관리 플랫폼 'CPLINK' 고도화... 맞춤형 CSO 서비스 강화",팜뉴스,"플랫폼 운영 관련 기업 사례로 참고할 수 있으나, 카카오의 핵심 정책 이슈와는 관련성이 낮아 우선순위가 높지 않습니다.",일동그룹의 CP 관리 플랫폼 고도화는 카카오의 직접적인 정책 환경이나 사업 전략과 큰 관련이 없어 OFF_TOPIC으로 분류합니다.,False,True
I197,카카오뱅크 AI 이모지 퀴즈,카카오뱅크 이벤트,LOW_VALUE_PR,자사_및_계열사_이슈,LOW_VALUE_PR,,,other,-410.5,1,1,1,1,48,48,카카오뱅크 AI 이모지 퀴즈 정답(6월8일),게임톡,"카카오뱅크의 홍보성 이벤트로, 카카오의 대외 협력 및 정책 대응과는 직접적인 관련이 없음.","단순 홍보성 이벤트로, 대외협력팀의 주요 관심사에 해당하지 않음.",True,True
I198,카카오뱅크 AI 퀴즈,카카오뱅크 이벤트,LOW_VALUE_PR,자사_및_계열사_이슈,LOW_VALUE_PR,,,other,-410.5,1,1,1,1,40,40,설화수 상징 제품 맞히기…카카오뱅크 AI 퀴즈 정답은?,위키트리,"카카오뱅크의 홍보성 이벤트로, 카카오의 대외 협력 및 정책 대응과는 직접적인 관련이 없음.","단순 홍보성 이벤트로, 대외협력팀의 주요 관심사에 해당하지 않음.",True,True
I199,환경 캠페인 및 기부,CSR/사회공헌,LOW_VALUE_PR,자사_및_계열사_이슈,LOW_VALUE_PR,,,other,-440.5,1,1,1,1,57,57,"카카오페이, 제주 곶자왈 보전 위해 1천만원 기부 …이용자 참여형 환경 캠페인 성료",더글로벌기빙뉴스,카카오페이의 제주 곶자왈 보전을 위한 기부 및 캠페인 성료 소식,"단순 홍보 및 후원 활동으로, 카카오 대외협력팀의 주요 의사결정에 영향을 주지 않으므로 제외합니다. / v23_guardrail_fail:simple_mou_pr_or_low_materiality",True,True
