카테고리,카테고리명,검색어,기사제목,언론사,정규언론사,게시일,RSS게시일,RSS요약,본문전문,본문글자수,본문추출방식,본문품질점수,본문품질사유,중요도점수,본문사용가능,본문정제적용,원래RSS링크,링크,랭킹점수,사건태그,사건단계,원문날짜,원문날짜출처,날짜검증결과,날짜후보수,대표선택점수,개인정보보안사건키,개인정보보안대표보너스,전역사건키,전역사건기본키,전역사건대표보너스,이슈패밀리,정책규제의무,자사홍보성,링크상태,링크검증사유,본문정합성,v20_issue_id,v20_issue_group,v20_issue_family,v20_internal_category,v20_issue_score,v21_self_tier,v21_gov_tier,v21_competitor_tier,v21_competitor_scope,Gemini카테고리,Gemini내부카테고리,Gemini이슈유형,Gemini이슈그룹,Gemini중복그룹,Gemini관련성,Gemini중요도,Gemini대외협력중요도,Gemini관련도,Gemini판단사유,Gemini선정사유,선정단계,수집검색어,수집원카테고리,수집JSON카테고리,Gemini판단카테고리,최종카테고리,최종카테고리명,선정순서,본문상태,최종카테고리검증결과,v24대표기사정합성,브리핑ID,최종브리핑요약,최종브리핑섹션,최종브리핑제목,최종브리핑링크,최종브리핑언론사,최종브리핑기준,v44_final_source,v44_final_rank,v42_rescue_source,v25한국정부국회근거,최종카테고리재배치
자사_및_계열사_이슈,자사 및 계열사 이슈,카카오,"네이버 웃고 카카오 주춤…2분기 실적, AI 수익화가 변수",서울경제TV,서울경제TV,"Tue, 28 Jul 2026 23:48:45 GMT","Tue, 28 Jul 2026 23:48:45 GMT","네이버 웃고 카카오 주춤…2분기 실적, AI 수익화가 변수 서울경제TV","네이버 웃고 카카오 주춤…2분기 실적, AI 수익화가 변수 경제·산업 입력 2026-07-29 08:48:45 수정 2026-07-29 08:48:45 김지송 기자 0개 네이버 매출 15.6%·영업익 8.8% 증가 전망 카카오는 매출 0.8% 증가…하반기 AI 성과 주목 [서울경제TV=김지송 인턴기자] 네이버와 카카오의 2분기 실적 전망이 엇갈리고 있다. 네이버는 커머스와 핀테크 성장에 힘입어 두 자릿수 매출 증가가 예상되는 반면, 카카오는 콘텐츠 사업 부진과 계열사 재편 영향으로 매출 증가폭이 제한될 전망이다. 29일 연합인포맥스 컨센서스에 따르면 네이버의 2분기 매출은 3조 3686억 원으로 전년 동기보다 15.6% 늘어날 것으로 예상된다. 영업이익도 8.8% 증가한 5674억 원으로 추정됐다. 네이버는 멤버십 확대와 커머스 거래 증가, 간편결제 성장 등이 실적을 뒷받침할 것으로 보인다. 다만 GPU 감가상각비와 월드컵 중계료, 마케팅비 등 비용 부담으로 영업이익 증가율은 매출보다 낮을 전망이다. 카카오의 2분기 매출 전망치는 2조 445억 원으로 전년보다 0.8% 늘어나는 데 그쳤다. 영업이익은 9.8% 증가한 2239억 원으로 예상됐다. 톡비즈와 금융·모빌리티 사업은 성장하고 있지만 콘텐츠 업황 부진과 카카오게임즈 연결 제외 등이 매출 확대를 제한할 것으로 분석됐다. 네이버는 지난달 대화형 검색 ‘AI탭’을 정식 출시한 뒤 이달 이용자 1000만 명을 넘어섰다. AI탭은 검색 결과를 보여주는 데서 그치지 않고 지도 확인과 예약 등 실제 행동까지 연결하는 서비스다. 네이버는 광고와 커머스에 AI를 접목해 수익화를 확대하고 있다. 카카오는 카카오톡 안에서 쇼핑·여행·채용 등 외부 서비스를 연결하는 ‘카카오툴즈’를 확대하고, 자체 AI 모델 ‘카나나’를 활용한 AI 국민비서도 운영 중이다. 하반기에는 이러한 에이전트 서비스가 이용자 확대와 매출로 이어지는지가 실적의 주요 변수로 꼽힌다. 양사는 각각 AI 검색 광고와 AI 에이전트 사업을 확대하며 하반기 수익화 성과를 본격적으로 시험하게 된다. /sorry@sedaily.com [ⓒ 서울경제TV(www.sentv.co.kr), 무단 전재 및",1075,trafilatura,88.0,good,177.5,True,False,https://news.google.com/rss/articles/CBMiZEFVX3lxTE9GNWFPNVo1b0Jha0VvMk1ZZVJuV3BMTjAyLVdWamNvWmkwSDFmMTZWVW5fWWVBUnAtMlBqTXlCcVZpLWtPbV81cDRHaWUyTy1qaWsxZGQtVnU0LTZzSUdFck5QbFI?oc=5,https://www.sentv.co.kr/article/view/sentv202607290013,258.8,"ai_agent,ai_infrastructure_security,aidc_datacenter,earnings,financial_performance,government_ai,platform_obligation,search_ads",aidc_gpu_npu,2026-07-29,json_ld:datePublished,original_date_recent,7,252.95,,0.0,global_incident:platform_regulation:kakao:platform_content_moderation_obligation:general,global_incident:platform_regulation:kakao:platform_content_moderation_obligation,24.0,self:platform_obligation,Y,,ok,http_200,body_valid,I033,self_direct_risk:네이버 웃고 카카오 주춤 2분기 실적 ai 수익화가 변수,self_direct_risk,SELF_DIRECT_RISK,615.3,DIRECT_RISK,,COMP_DOMESTIC_AI_PLATFORM,domestic,자사_및_계열사_이슈,SELF_DIRECT_RISK,self_direct_risk,self_direct_risk:네이버 웃고 카카오 주춤 2분기 실적 ai 수익화가 변수,self_direct_risk:네이버 웃고 카카오 주춤 2분기 실적 ai 수익화가 변수,카카오 또는 계열사에 직접 발생한 외부 대응 필요 이슈,5,5,5,로컬 보조 라벨 / v26: 오늘 새 직접 사건·진전,로컬 보조 라벨 / v26: 오늘 새 직접 사건·진전,issue_selected,카카오,자사 및 계열사 이슈,자사_및_계열사_이슈,자사_및_계열사_이슈,자사_및_계열사_이슈,자사 및 계열사 이슈,1,본문추출성공,pass:self_guardrail_pass,pass:representative_aligned,1,"네이버 웃고 카카오 주춤…2분기 실적, AI 수익화가 변수 경제·산업 입력 2026-07-29 08:48:45 수정 2026-07-29 08:48:45 김지송 기자 0개 네이버 매출 15.6%·영업익 8.8% 증가 전망 카카오는 매출 0.8% 증가…하반기 AI 성과 주목 [서울경제TV=김지송 인턴기자] 네이버와 카카오의 2분기 실적 전망이 엇갈리고 있음. 29일 연합인포맥스 컨센서스에 따르면 네이버의 2분기 매출은 3조 3686억 원으로 전년 동기보음.",자사_및_계열사_이슈,"네이버 웃고 카카오 주춤…2분기 실적, AI 수익화가 변수",https://www.sentv.co.kr/article/view/sentv202607290013,서울경제TV,CEO_Morning_Briefing,CEO_Morning_Briefing,1,,,
자사_및_계열사_이슈,자사 및 계열사 이슈,카카오,"[이슈] 류긍선 카카오모빌리티 대표 ""자율주행 경쟁의 승패, 서비스 운영·제도적 기반이 좌우""",팍스경제TV,팍스경제TV,"Tue, 28 Jul 2026 09:29:31 GMT","Tue, 28 Jul 2026 09:29:31 GMT","[이슈] 류긍선 카카오모빌리티 대표 ""자율주행 경쟁의 승패, 서비스 운영·제도적 기반이 좌우"" 팍스경제TV","플랫폼 기반 자율주행 서비스, 접근성 높이고 상용화 속도 무인차 관제·현장 대응 중요…연말 E2E 모델 적용 추진 (왼쪽부터) 김진규 카카오모빌리티 피지컬AI 부문 부사장, 류긍선 카카오모빌리티 대표. [사진=임해정 기자] 류긍선 카카오모빌리티 대표는 28일 ""자율주행 경쟁의 승패는 기술만으로 결정되지 않는다""며 ""플랫폼 운영과 안전관리 등 서비스 운영 역량이 함께 뒷받침돼야 한다""고 밝혔다. 류 대표는 이날 서울 여의도 국회의원회관에서 열린 '피지컬 AI 시대, 자율주행은 어떻게 일상이 되는가?' 토론회 개회사에서 ""자율주행 기술과 함께 플랫폼 운영, AI 관제, 데이터 활용, 안전관리, 이용자 경험 등 서비스 전반의 역량이 중요하다""며 ""기술 실증을 넘어 자율주행을 국민이 일상에서 체감할 수 있는 서비스로 정착시키는 것이 대한민국의 미래 경쟁력을 좌우할 핵심 과제""라고 말했다. 이어 류 대표는 ""자율주행은 AI가 실제 도로와 도시에서 시민에게 서비스를 제공하는 대표적인 피지컬AI 분야""라며 ""플랫폼 기반 운영체계, 보험·안전 제도, 민관 협력 등 다양한 영역에서 제도적 기반이 마련된다면 자율주행은 보다 안전하고 편리한 일상 속 교통서비스로 확산될 수 있을 것""이라고 말했다. 카카오모빌리티는 2018년 자율주행 TF 출범을 시작으로 관련 기술 개발과 실증을 이어왔다. 세종, 판교 등 다양한 지역에서 실증 경험을 축적하고 2021년에는 국내 최초로 플랫폼 기반 유상 자율주행 서비스를 개시하며 자율주행 서비스 상용화 가능성을 선제적으로 검증해왔다. ◆ 플랫폼 기반 자율주행 서비스, 접근성 높이고 상용화 속도 이날 발제를 맡은 김진규 카카오모빌리티 피지컬AI 부문 부사장은 플랫폼 기반 자율주행 서비스 운영 경험과 성과 등을 발표했다. 김 부사장은 ""자율주행차는 혼자서 달리지만 자율주행 서비스는 여러 주체가 함께 만들어야 한다""며 ""차량이 스스로 도로를 달리는 기술적 성공은 상용화의 시작점에 불과하다""고 말했다. 이어 ""이용자가 차량을 호출해 목적지까지 안전하게 이동하고 다수의 자율주행차가 운행되는 도시 전체의 안전과 서비스 품질까지 관리할 수 있어야 진정한 상용화라고 볼 수 있다""고 강조했다. 카카오모빌리티는 서울 강남 등을 중심으로 자율주행 서비스를 운영하며 기술 실증을 실제 교통서비스로 확대하고 있다. 별도의 자율주행 애플리케이션을 설치하도록 했던 기존 방식과 달리 카카오T 안에서 일반 택시를 호출하듯 자율주행차를 선택할 수 있도록 접근성을 높였다. 김 부사장은 ""기존 별도 앱에서는 이용자가 직접 설치와 가입 절차를 거쳐야 하고 차량 부족으로 호출에 실패하면 서비스 이용을 중단하는 악순환이 발생했다""며 ""현재 플랫폼에서는 자율주행차 배차가 어렵더라도 택시나 버스 등 다른 이동수단으로 연결해 이용자의 이동을 끝까지 책임질 수 있다""고 설명했다. 카카오모빌리티에 따르면 자율주행차 이용자의 97%는 카카오T에서 택시를 호출하는 과정에서 자율주행차를 선택지로 접한 것으로 나타났다. 자율주행 택시 이용 만족도는 5점 만점에 4.94점, 차량 가동률은 82.5%를 기록했다. 김 부사장은 자율주행차 상용화를 위해 차량 가동률을 높이는 것도 중요하다고 강조했다. 차량이 도로에서 대기하는 시간이 길어질수록 사업성과 이용 편의성이 함께 떨어질 수 있기 때문이다. 김 부사장은 ""초기에는 자율주행차가 충분하지 않기 때문에 이용자의 이동을 다른 교통수단과 연계해 끝까지 지원하는 체계가 필요하다""며 ""향후 유인 택시와 무인 택시를 어떻게 혼합해 운영할 것인지도 함께 논의해야 한다""고 말했다. ◆ 무인차 관제·현장 대응 중요…연말 E2E 모델 적용 추진 자율주행차가 늘어날수록 차량 외부에서 운행 상황을 통합 관리하는 관제 시스템의 중요성도 커질 것으로 전망된다. 차량 내부와 도로 상황을 실시간으로 감지하고 문제가 발생하면 승객 안내와 원격 조치, 현장 인력 출동, 지방자치단체 전파까지 유기적으로 연결해야 한다는 설명이다. 김 부사장은 해외 자율주행 서비스 사례를 들며 기술 완성도만으로는 안정적인 서비스를 제공하기 어렵다고 지적했다. 폭우로 침수된 도로에 차량이 진입하거나 소프트웨어 업데이트와 정전으로 다수의 차량이 도로에 멈추는 등 예상하지 못한 상황이 발생할 수 있기 때문이다. 김 부사장은 “자율주행차를 잘 만드는 것만큼 실제 도로에서 안정적으로 운영하는 역량이 중요하다”며 “차량이 무인화되고 운행 대수가 늘어날수록 관제와 현장 대응 체계를 함께 갖춰야 한다”고 말했다. 승객이 타고 내릴 수 있는 승하차 구역 확보도 과제로 제시됐다. 카카오모빌리티가 강남 지역 도로를 자체 분석한 결과 합법적으로 승하차가 가능한 구간은 전체의 약 2.3%에 불과한 것으로 나타났다. 김 부사장은 ""무인 자율주행차는 어디에서 승객을 태우고 내려줄지 스스로 판단해야 한다""며 ""지자체와 협력해 승하차 공간과 자율주행 인프라를 마련하고 서비스와 안전·사고 대응 기준을 표준화할 필요가 있다""고 강조했다. 카카오모빌리티는 자율주행 플랫폼 운영과 함께 자체 주행 기술 개발도 추진하고 있다. 현재 규칙 기반 자율주행 기술에서 인공지능이 센서 입력부터 차량 제어까지 통합적으로 학습하는 엔드투엔드(E2E) 방식으로 전환하고 있다. 강남 지역에서 수집한 실제 주행 데이터를 바탕으로 E2E 모델을 학습하고 검증 절차를 진행 중이며, 이르면 올해 말 해당 모델을 강남 자율주행 서비스에 적용한다는 계획이다. 아울러 LG이노텍과 자율주행 부품 개발을 위한 업무협약을 체결하고 기아와도 자율주행차 개발 협력을 추진하고 있다. 자율주행 기업들이 참여하는 협력체 ‘맥스 얼라이언스’를 통해 완성차와 부품·센서 기업, 스타트업, 공공기관·지자체가 함께하는 산업 생태계 구축에도 나설 방침이다. 김 부사장은 ""그동안 하나의 기술을 완성하는 데 집중했다면 이제는 이를 어떻게 서비스로 발전시킬 것인지 고민해야 할 시점""이라며 ""기술 기업은 주행 품질 향상에 집중하고 플랫폼은 호출과 관제, 안전관리 등 운영을 담당하는 협업 구조가 필요하다""고 말했다.",2939,newspaper3k,84.0,good,178.0,True,False,https://news.google.com/rss/articles/CBMiZ0FVX3lxTFBReEhxZThTRXJvcW9xSFZXSHFkR1R0dXBLR1BpT2YyRG1HYVBGVnQ3MzMxTVBESlpiZl9MdGlZalVtUU9EbFViUzdock1wNDl2bS1JdHVVV2JNcjhGY2IweXRkcl83Ync?oc=5,http://www.paxetv.com/news/articleView.html?idxno=278107,71.8,"ai_infrastructure_security,labor_dispute,market_power_platform,platform_obligation,policy_legislation",labor_general,2026-07-29,visible_date_node,original_date_recent,1,245.2,,7.0,global_incident:platform_regulation:kakao:platform_data_protection_obligation:announcement,global_incident:platform_regulation:kakao:platform_data_protection_obligation,56.0,self:platform_obligation,Y,,ok,http_200,body_valid,I078,global_incident:leadership_service:kakao:leadership_service,self_leadership_service,SELF_DIRECT_RISK,401.3,DIRECT_RISK,,,other,자사_및_계열사_이슈,SELF_DIRECT_RISK,self_leadership_service,global_incident:leadership_service:kakao:leadership_service,global_incident:leadership_service:kakao:leadership_service,카카오 또는 계열사에 직접 발생한 외부 대응 필요 이슈,5,5,5,로컬 보조 라벨 / v26: 오늘 새 직접 사건·진전,v43_hard_min:자사_및_계열사_이슈: daily-safe portfolio rescue,issue_selected,카카오,자사 및 계열사 이슈,자사_및_계열사_이슈,자사_및_계열사_이슈,자사_및_계열사_이슈,자사 및 계열사 이슈,14,본문추출성공,pass:self_guardrail_pass,pass:representative_aligned,2,"플랫폼 기반 자율주행 서비스, 접근성 높이고 상용화 속도 무인차 관제·현장 대응 중요…연말 E2E 모델 적용 추진 (왼쪽부터) 김진규 카카오모빌리티 피지컬AI 부문 부사장, 류긍선 카카오모빌리티 대표임. [사진=임해정 기자] 류긍선 카카오모빌리티 대표는 28일 ""자율주행 경쟁의 승패는 기술만으로 결정되지 않는다""며 ""플랫폼 운영과 안전관리 등 서비스 운영 역량이 함께 뒷받침돼야 한다""고 밝힘.",자사_및_계열사_이슈,"[이슈] 류긍선 카카오모빌리티 대표 ""자율주행 경쟁의 승패, 서비스 운영·제도적 기반이 좌우""",http://www.paxetv.com/news/articleView.html?idxno=278107,팍스경제TV,CEO_Morning_Briefing,CEO_Morning_Briefing,2,v43_hard_min:자사_및_계열사_이슈,,
자사_및_계열사_이슈,자사 및 계열사 이슈,카카오,‘인터넷은행 첫 파업’ 눈앞…카카오뱅크 노사합의가 표준될까,edaily.co.kr,이데일리,"Tue, 28 Jul 2026 07:17:57 GMT","Tue, 28 Jul 2026 07:17:57 GMT",‘인터넷은행 첫 파업’ 눈앞…카카오뱅크 노사합의가 표준될까 edaily.co.kr,"[이데일리 김세연 기자] 국내 인터넷은행 출범 이후 처음으로 관련 업계 파업이 현실화할 가능성이 커졌다. 카카오뱅크(323410) 노사가 임금·단체협약 교섭에서도 끝내 합의점을 찾지 못하면서 오는 31일 전일 파업이 예정대로 진행될 전망이다. 인터넷은행 첫 파업이 현실화하면 단순한 노사 갈등을 넘어 향후 플랫폼 금융업계의 노사관계와 보상 체계에 적잖은 영향을 미칠 것이란 관측이 나온다. 28일 금융권에 따르면 카카오뱅크 노동조합은 오는 31일 전일 파업을 예정대로 진행한다. 노사는 임금 교섭 과정에서 접점을 찾지 못했고, 지난 20일 경기지방노동위원회 조정회의에서도 입장 차이를 좁히지 못했다. 이번 파업은 희망 조합원이 연차나 휴가를 사용한 뒤 사내 업무 시스템 접속을 끊는 ‘로그아웃 데이’ 방식으로 진행된다. 노조는 현재 대화가 사실상 중단됐다고 주장하고 있다. 협상이 장기화하는 과정에서 회사의 교섭 의지가 부족했다는 입장이다. 서승욱 민주노총 전국화학섬유식품산업노동조합 카카오지회장은 지난 21일 경기 성남 판교 카카오뱅크 본사 앞에서 열린 피켓시위에서 “지난주와 이번 주 예정됐던 카카오 본사 노사 교섭을 회사 측이 취소하면서 현재 교섭이 끊긴 상태”며 “오늘 교섭 재개를 요청하는 공문을 발송하고 이번 주 안에 답변을 달라고 요구할 예정”이라고 말했다. 하지만 노조 측에 따르면 이날 기준 별다른 추가 협상은 이뤄지지 않았다. 업계에서는 이번 파업이 인터넷은행 업계 전체에 적지 않은 영향을 미칠 것으로 보고 있다. 지금까지 인터넷은행 가운데 노조가 총파업에 나선 사례는 없었다. 토스뱅크와 케이뱅크(279570) 역시 아직 노조가 없는 만큼 카카오뱅크의 첫 파업과 이후 노사 합의 내용이 향후 인터넷은행의 임금·복지 체계와 노사관계의 사실상 첫 선례가 될 수 있다는 분석이다. 특히 삼성전자(005930) 파업을 계기로 ‘N% 성과급 논의’가 인터넷은행 업계로 이어진다는 해석도 있다. 황용식 세종대 경영학과 교수는 “(파업이 현실화하면) 인터넷은행 업계에서 처음하는 파업일 뿐만 아니라 분명히 성과급 관련 논의도 있을 것”이라며 “(협상 진행 상황을 공개하지 않더라도) 분명 삼성전자나 SK하이닉스(000660)의 성과급 사례와 관련성이 있을 것”이라고 했다. 이어 “N% 성과급 논의는 플랫폼 기업 노동자 측에서 계속 요구해왔던 것이다. 대기업 사례가 이런 목소리를 밖으로 표출시킨 것”이라고 분석했다. 카카오뱅크는 대화를 통한 해결 의지를 강조했다. 카카오뱅크 관계자는 “상황을 면밀히 살펴보고 있으며 회사는 대화를 통해 원만한 해결 방안을 찾기 위해 지속적으로 노력하겠다”며 “고객 불편이 발생하지 않도록 서비스 안정과 업무 연속성 확보에 최선을 다하겠다”고 말했다.",1340,trafilatura,70.0,good,146.0,True,False,https://news.google.com/rss/articles/CBMigAFBVV95cUxQM0RLZ1ZaSXpuNVpfUm92cUw0QW1nWlRHZDAxbjBnODZKUmU5RDh1WGI4WmxQSkhvUkdsTUplRjNyclgtaERqNHJ0RWltZWFTaDNEU2RiTUl5UmNPTXBObllIS216N1AwaDhhWWN3WnlPbXRPQnh2dTU5T012MTZtYQ?oc=5,https://www.edaily.co.kr/News/Read?newsId=04942966645519112&mediaCodeNo=257,115.8,"labor_dispute,labor_negotiation,market_power_platform,platform_obligation,policy_legislation",labor_mediation_meeting,2026-07-28,json_ld:datePublished,original_date_recent,4,219.2,,7.0,global_incident:platform_regulation:kakao:platform_regulation:conflict_escalation,global_incident:platform_regulation:kakao:platform_regulation,0.0,,,,ok,http_200,body_valid,I084,카카오 노조 임단협/파업 및 내부 갈등,self_labor,SELF_DIRECT_RISK,386.3,DIRECT_RISK,,,other,자사_및_계열사_이슈,SELF_DIRECT_RISK,self_labor,카카오 노조 임단협/파업 및 내부 갈등,카카오 노조 임단협/파업 및 내부 갈등,카카오 또는 계열사에 직접 발생한 외부 대응 필요 이슈,5,5,5,로컬 보조 라벨 / v26: 오늘 새 직접 사건·진전,v43_soft_target:자사_및_계열사_이슈: daily-safe portfolio rescue,issue_selected,카카오,자사 및 계열사 이슈,자사_및_계열사_이슈,자사_및_계열사_이슈,자사_및_계열사_이슈,자사 및 계열사 이슈,21,본문추출성공,pass:self_guardrail_pass,pass:representative_aligned,3,[이데일리 김세연 기자] 국내 인터넷은행 출범 이후 처음으로 관련 업계 파업이 현실화할 가능성이 커졌음. 카카오뱅크(323410) 노사가 임금·단체협약 교섭에서도 끝내 합의점을 찾지 못하면서 오는 31일 전일 파업이 예정대로 진행될 전망임.,자사_및_계열사_이슈,‘인터넷은행 첫 파업’ 눈앞…카카오뱅크 노사합의가 표준될까,https://www.edaily.co.kr/News/Read?newsId=04942966645519112&mediaCodeNo=257,edaily.co.kr,CEO_Morning_Briefing,CEO_Morning_Briefing,3,v43_soft_target:자사_및_계열사_이슈,,
정부_국회,정부/국회,KT,"개보위, 오늘 KT 개인정보 유출 제재 수위 결정",BBS불교방송,BBS불교방송,"Wed, 29 Jul 2026 01:23:29 GMT","Wed, 29 Jul 2026 01:23:29 GMT","개보위, 오늘 KT 개인정보 유출 제재 수위 결정 BBS불교방송","지난해 불법 소형 기지국, 펨토셀을 악용한 개인정보 유출 사고가 발생한 KT에 대한 개인정보보호위원회의 제재 수위가 오늘 결정됩니다. 개인정보보호위원회는 오늘 오후 전체회의를 열어 KT의 개인정보보호법 위반 여부와 과징금 부과 등을 담은 처분안을 심의·의결할 예정입니다. KT에서는 지난해 가입자식별번호와 단말기식별번호, 전화번호 등 고객 2만2천여 명의 개인정보가 유출됐고, 이 가운데 368명이 모두 777건, 약 2억4천만 원 규모의 무단 소액결제 피해를 본 것으로 집계됐습니다. 개인정보위는 KT 서버의 악성코드 'BPF도어' 감염과 관련해서도 추가 조사를 진행해 왔습니다. 개인정보보호법은 위반 행위와 관련된 매출액의 최대 3%까지 과징금을 부과할 수 있도록 하고 있으며, 실제 부과 규모는 위반 정도와 감경·가중 사유 등을 종합적으로 고려해 결정됩니다. 김호준 기자 5kjoon@hanmail.net 우리 시대를 깨우는 목탁, BBS NEWS는 자본의 논리와 세속적 가치에 얽매지 않는 공정 보도를 위해 힘쓰고 있습니다. 월 만원의 후원으로 세상을 맑고 향기롭게 만들어주세요. 후원하기 제보하기 우리 시대를 깨우는 목탁, BBS NEWS는 자본의 논리와 세속적 가치에 얽매지 않는 공정 보도를 위해 힘쓰고 있습니다. 월 만원의 후원으로 세상을 맑고 향기롭게 만들어주세요.",661,bs4_selector,57.0,acceptable_important,193.0,True,False,https://news.google.com/rss/articles/CBMia0FVX3lxTFBzaXFxUkdVbWlTcnBkbjBqR3BXbVBZRHdQZnBGc20teVJfRVVLVWdqVGRaYkZ5TjlaNGFRQU1uWlllUTd3RDNBOWx4UE9ILU1Ga1p5OVRvS0UxNElTTVhHbGpQbmNFRlVZMnY0?oc=5,https://news.bbsi.co.kr/news/articleView.html?idxno=4097650,247.0,"ai_infrastructure_security,antitrust_platform,earnings,financial_performance,legal_regulatory_enforcement,phishing_security,platform_obligation,policy_legislation,privacy_security_reliability,self_pr_promo,strategy_mna_governance",antitrust_general,2026-07-29,json_ld:datePublished,original_date_recent,4,218.4,privacy_security:kt:data_leak:sanction_or_penalty,70.0,global_incident:platform_regulation:kt:platform_content_moderation_obligation:sanction_penalty,global_incident:platform_regulation:kt:platform_content_moderation_obligation,56.0,government:platform_obligation,Y,,ok,http_200,body_valid,I020,global_incident:platform_regulation:kt:platform_data_protection_obligation,comp_domestic_direct_risk,COMPETITOR_PLATFORM_RISK,657.0,DIRECT_RISK,OFF_TOPIC,COMP_DOMESTIC_DIRECT_RISK,domestic,정부_국회,COMPETITOR_PLATFORM_RISK,comp_domestic_direct_risk,global_incident:platform_regulation:kt:platform_data_protection_obligation,global_incident:platform_regulation:kt:platform_data_protection_obligation,카카오가 경쟁사 전략·리스크·AI/플랫폼 대응을 비교 참고할 이슈,4,4,5,로컬 보조 라벨 / v26.2: overseas structural industry candidate,v26.2: no central Korean public actor/action for Government section: no_public_actor_action_domain / v26.2: overseas structural industry candidate / 로컬 보조 라벨 / v26.2: overseas structural industry candidate,issue_selected,KT,경쟁사/해외이슈,경쟁사_해외이슈,정부_국회,정부_국회,정부/국회,2,본문추출성공,pass:v26_2_public_actor_action_pass:public_actor_official_action,pass:representative_aligned,4,"지난해 불법 소형 기지국, 펨토셀을 악용한 개인정보 유출 사고가 발생한 KT에 대한 개인정보보호위원회의 제재 수위가 오늘 결정됨. 개인정보위는 KT 서버의 악성코드 'BPF도어' 감염과 관련해서도 추가 조사를 진행해 왔음.",정부_국회,"개보위, 오늘 KT 개인정보 유출 제재 수위 결정",https://news.bbsi.co.kr/news/articleView.html?idxno=4097650,BBS불교방송,CEO_Morning_Briefing,CEO_Morning_Briefing,4,,Y,
정부_국회,정부/국회,네이버,"주병기 ""쿠팡·배민·네이버에 같은 잣대 적용""",네이트,네이트,"Tue, 28 Jul 2026 09:16:00 GMT","Tue, 28 Jul 2026 09:16:00 GMT","주병기 ""쿠팡·배민·네이버에 같은 잣대 적용"" 네이트",주병기 공정거래위원장은 국회 정무위원회 전체회의에서 쿠팡을 차별 조사한다는 미국 측 주장에 대해 국적과 관계없이 같은 기준을 적용하고 있다고 밝혔습니다. 쿠팡뿐 아니라 배달의민족과 네이버를 비롯한 플랫폼 사업자도 같은 잣대로 조사·제재하고 있다고 강조했습니다. 6·3 지방선거 결과 서울 강남 3구 등에서 국민의힘 득표율이 높은 것을 두고 비판한 SNS 글과 관련해서는 국민에게 심려를 끼쳐 유감이라며 사과했습니다. 또 결혼 서비스 업체의 이른바 '스드메 추가금' 관행을 점검하고 있으며 조만간 직권조사에 나설 수 있다고 말했습니다. 조유송 voice@obs.co.kr OBS경인TV(http://www.obsnews.co.kr) ⓒ,354,trafilatura,41.0,short_but_high_importance,163.5,True,False,https://news.google.com/rss/articles/CBMiU0FVX3lxTE1HOHdSTmNib21wenV2Y3VWSUx2RXlkLTZ3QWY4VDJRaGkxM2dhVVhJaW5aTTUyR2Nhd0FWTmFuS3o3V3IyV1IwdlVxSzRjb0M3cW5J?oc=5,https://news.nate.com/view/20260728n30954,55.5,"legal_regulatory_enforcement,market_power_platform,platform_obligation,policy_legislation",legal_regulatory_enforcement,2026-07-28,url_date,original_date_recent,2,165.35,,21.0,global_incident:platform_enforcement:coupang:delivery_platform_fee_mfn:sanction_penalty,global_incident:platform_enforcement:coupang:delivery_platform_fee_mfn,56.0,government:platform_obligation,Y,,ok,http_200,body_valid,I036,global_incident:platform_regulation:naver:platform_operator_obligation,comp_domestic_finance_commerce,COMPETITOR_PLATFORM_RISK,615.0,OFF_TOPIC,OFF_TOPIC,COMP_DOMESTIC_FINANCE_COMMERCE,domestic,정부_국회,COMPETITOR_PLATFORM_RISK,comp_domestic_finance_commerce,global_incident:platform_regulation:naver:platform_operator_obligation,global_incident:platform_regulation:naver:platform_operator_obligation,카카오가 경쟁사 전략·리스크·AI/플랫폼 대응을 비교 참고할 이슈,4,4,5,로컬 보조 라벨 / v26.2: overseas structural industry candidate,로컬 보조 라벨 / v26: 오늘 새 직접 사건·진전 / v26.2: no central Korean public actor/action for Government section: no_public_actor_action_domain / v26.2: overseas structural industry candidate / 로컬 보조 라벨 / v26.2: overseas structural industry candidate,issue_selected,네이버,경쟁사/해외이슈,경쟁사_해외이슈,정부_국회,정부_국회,정부/국회,3,본문추출성공,pass:v26_2_public_actor_action_pass:public_actor_official_action,pass:representative_aligned,5,주병기 공정거래위원장은 국회 정무위원회 전체회의에서 쿠팡을 차별 조사한다는 미국 측 주장에 대해 국적과 관계없이 같은 기준을 적용하고 있다고 밝힘. 쿠팡뿐 아니라 배달의민족과 네이버를 비롯한 플랫폼 사업자도 같은 잣대로 조사·제재하고 있다고 강조했음.,정부_국회,"주병기 ""쿠팡·배민·네이버에 같은 잣대 적용""",https://news.nate.com/view/20260728n30954,네이트,CEO_Morning_Briefing,CEO_Morning_Briefing,5,,Y,
정부_국회,정부/국회,과학기술정보통신부,산학 협력으로 AI 인재 키운다…과기정통부 ‘AI 인재양성 비전선포’,데일리안,데일리안,"Wed, 29 Jul 2026 01:01:00 GMT","Wed, 29 Jul 2026 01:01:00 GMT",산학 협력으로 AI 인재 키운다…과기정통부 ‘AI 인재양성 비전선포’ 데일리안,"ⓒ 글로벌 인공지능(AI) 주도권 확보 핵심인 전문 인재들을 한자리에 모아 연구 성과를 공유하고 미래 비전을 다지는 교류의 장이 열린다. 과학기술정보통신부는 29일부터 31일까지 서울 코엑스 2층 더플라츠에서 ‘2026 대한민국 AI 혁신인재 커넥트’를 개최한다고 밝혔다. 이번 행사는 과기정통부 지원 사업에 참여하는 대학(원)과 기업, 연구자 등 1000여명의 AI 혁신인재가 모인다. 사업 성과를 나누고 향후 추진 방향을 논의하기 위해 지난 2020년부터 해마다 열리고 있다. 배경훈 부총리 겸 과기정통부 장관은 행사장 전시 부스를 찾아 우수 연구 성과를 둘러보는 한편, 대학원생들의 연구 발표를 직접 듣고 소통하며 청년 연구자들을 격려했다. 행사 뒤 간담회에서는 산·학·연 관계자들이 모여 데이터센터, 피지컬 AI 등 핵심 분야에 필요한 인재 역량과 산업계의 요구사항, 협력 방안에 대해 의견을 주고받았다. 과기정통부는 현장의 목소리를 수렴해 향후 지원 체계를 구체화하고 'AI 인재양성 지원 전략'을 조만간 수립할 방침이다. 사흘 동안 이어지는 행사는 기조강연과 우수 성과 시상식은 물론, AI 빅테크 선배와의 대화, ‘과학과 AI의 만남’ 토크쇼, 북콘서트 등을 준비했다. 아울러 22개 대학(원)과 9개 기업이 참여하는 전시 부스에서는 사업 성과 전시와 함께 모의면접, 1대 1 컨설팅, 채용설명회, 대학원 입시상담 등 학생들의 진로 탐색을 도울 기회도 제공한다. 배경훈 부총리는 개회사를 통해 “AI 경쟁의 핵심은 AI 기술의 연구·개발을 넘어 산업 현장의 문제를 해결하는 인재 확보에 있다”며 “정부는 AI 인재들이 도전적인 연구와 안정적인 성장을 이어갈 수 있도록 대학, 기업과 협력하여 지속적으로 지원하겠다”고 말했다. 글로벌 인공지능(AI) 주도권 확보 핵심인 전문 인재들을 한자리에 모아 연구 성과를 공유하고 미래 비전을 다지는 교류의 장이 열린다. 과학기술정보통신부는 29일부터 31일까지 서울 코엑스 2층 더플라츠에서 ‘2026 대한민국 AI 혁신인재 커넥트’를 개최한다고 밝혔다. 이번 행사는 과기정통부 지원 사업에 참여하는 대학(원)과 기업, 연구자 등 1000여명의 AI 혁신인재가 모인다. 사업 성과를 나누고 향후 추진 방향을 논의하기 위해 지난 2020년부터 해마다 열리고 있다. 배경훈 부총리 겸 과기정통부 장관은 행사장 전시 부스를 찾아 우수 연구 성과를 둘러보는 한편, 대학원생들의 연구 발표를 직접 듣고 소통하며 청년 연구자들을 격려했다. 행사 뒤 간담회에서는 산·학·연 관계자들이 모여 데이터센터, 피지컬 AI 등 핵심 분야에 필요한 인재 역량과 산업계의 요구사항, 협력 방안에 대해 의견을 주고받았다. 과기정통부는 현장의 목소리를 수렴해 향후 지원 체계를 구체화하고 'AI 인재양성 지원 전략'을 조만간 수립할 방침이다. 사흘 동안 이어지는 행사는 기조강연과 우수 성과 시상식은 물론, AI 빅테크 선배와의 대화, ‘과학과 AI의 만남’ 토크쇼, 북콘서트 등을 준비했다. 아울러 22개 대학(원)과 9개 기업이 참여하는 전시 부스에서는 사업 성과 전시와 함께 모의면접, 1대 1 컨설팅, 채용설명회, 대학원 입시상담 등 학생들의 진로 탐색을 도울 기회도 제공한다. 배경훈 부총리는 개회사를 통해 “AI 경쟁의 핵심은 AI 기술의 연구·개발을 넘어 산업 현장의 문제를 해결하는 인재 확보에 있다”며 “정부는 AI 인재들이 도전적인 연구와 안정적인 성장을 이어갈 수 있도록 대학, 기업과 협력하여 지속적으로 지원하겠다”고 말했다. #AI #과기정통부 #과학기술정보통신부 #인공지능 #혁신인재커넥트 장정욱 기자 (cju@dailian.co.kr) 기사 모아 보기 > 장정욱 기자 (cju@dailian.co.kr) 조달청 ‘제2차 혁신제품 스카우터 데모데이’ 개최 조달청, 우수조달물품 39개 지정…벤처기업이 59% 차지 전파연구원, 개원 60주년 기념식…“AI·디지털 전환 대응 강화” 조달청, 산재·중대재해 기업 조달시장 진입 2년간 차단 李, 불법조업 근절 재차 강조…해수부 “AI 단속·벌금 5배↑” 조달청 ‘제2차 혁신제품 스카우터 데모데이’ 개최 조달청, 우수조달물품 39개 지정…벤처기업이 59% 차지 전파연구원, 개원 60주년 기념식…“AI·디지털 전환 대응 강화” 조달청, 산재·중대재해 기업 조달시장 진입 2년간 차단 李, 불법조업 근절 재차 강조…해수부 “AI 단속·벌금 5배↑”",2149,bs4_selector,86.0,good,134.5,True,True,https://news.google.com/rss/articles/CBMijgJBVV95cUxQbGdwWjB4S281WWJsOWZ4ekxHT2UtdWtIMDBtTHhhem1vcDl6UFRSOGRBSng5YU9KWHdUMXZmVmdEek1NRHd6cS1jOGVjdVc2eE9SUlZyQmljYVRzckhHZ0xqMFdtUFJuU0pON0U2cXJIMmhtdVhyclpyTWUxWTBHWkp1aFd3WllXSUdGUGVqWGlTT05KSl9BTnY5a284LU92ODE5Uk1hMGVWMUFEZk5nZTdoaDdOS1BxOU95Y1J0OGtvQ0dIOXhkakJMRWtrUklGdkV5V0E2SG0tcFBhYlRGNnp0UElRTmV2OUJrZjJ5dHVJcDV3Z1RINXJqQmJHdjc0bzFuSWliQm1yTW5ORlE?oc=5,https://www.dailian.co.kr/news/view/1671842/%EC%82%B0%ED%95%99-%ED%98%91%EB%A0%A5-AI-%EC%9D%B8%EC%9E%AC-%ED%82%A4%EC%9A%B4%EB%8B%A4%EA%B3%BC%EA%B8%B0%EC%A0%95%ED%86%B5%EB%B6%80-2026,107.6,"ai_infrastructure_security,labor_dispute,platform_obligation,policy_legislation",labor_general,2026-07-29,json_ld:datePublished,original_date_recent,5,221.55,,61.0,global_incident:platform_regulation:science_ict_ministry:platform_data_protection_obligation:announcement,global_incident:platform_regulation:science_ict_ministry:platform_data_protection_obligation,32.0,government:platform_obligation,Y,,ok,http_200,body_valid,I089,government_ai_core_policy:산학 협력으로 ai 인재 키운다 과기정통부 ai 인재양성 비전선포,government_ai_core_policy,GOV_AI_DIGITAL_POLICY,357.5,,GOV_AI_CORE_POLICY,,other,정부_국회,GOV_AI_DIGITAL_POLICY,government_ai_core_policy,government_ai_core_policy:산학 협력으로 ai 인재 키운다 과기정통부 ai 인재양성 비전선포,government_ai_core_policy:산학 협력으로 ai 인재 키운다 과기정통부 ai 인재양성 비전선포,카카오 AI agent/AI 서비스 전략과 연결되는 핵심 정책환경,5,4,5,로컬 보조 라벨,로컬 보조 라벨,issue_selected,과학기술정보통신부,정부/국회,정부_국회,정부_국회,정부_국회,정부/국회,8,본문추출성공,pass:v26_2_public_actor_action_pass:roundup_but_public_actor_central,pass:representative_aligned,6,"이번 행사는 과기정통부 지원 사업에 참여하는 대학(원)과 기업, 연구자 등 1000여명의 AI 혁신인재가 모인음. 배경훈 부총리 겸 과기정통부 장관은 행사장 전시 부스를 찾아 우수 연구 성과를 둘러보는 한편, 대학원생들의 연구 발표를 직접 듣고 소통하며 청년 연구자들을 격려했음.",정부_국회,산학 협력으로 AI 인재 키운다…과기정통부 ‘AI 인재양성 비전선포’,https://www.dailian.co.kr/news/view/1671842/%EC%82%B0%ED%95%99-%ED%98%91%EB%A0%A5-AI-%EC%9D%B8%EC%9E%AC-%ED%82%A4%EC%9A%B4%EB%8B%A4%EA%B3%BC%EA%B8%B0%EC%A0%95%ED%86%B5%EB%B6%80-2026,데일리안,CEO_Morning_Briefing,CEO_Morning_Briefing,6,,Y,
정부_국회,정부/국회,공정거래위원회,"주병기 공정위 ""쿠팡 조사 차별 없어…배민·네이버도 같은 잣대"" 美 비판 반박",알파경제,알파경제,"Tue, 28 Jul 2026 08:45:42 GMT","Tue, 28 Jul 2026 08:45:42 GMT","주병기 공정위 ""쿠팡 조사 차별 없어…배민·네이버도 같은 잣대"" 美 비판 반박 알파경제","[알파경제=김영택 기자] 주병기 공정거래위원장은 28일 미국 측이 한국 정부의 쿠팡 조사를 미국 기업에 대한 차별적 조치라고 비판한 데 대해 ""공정위는 쿠팡뿐 아니라 배달의민족과 네이버 등 플랫폼 사업자에도 똑같은 잣대를 적용하고 있다""고 밝혔다. 주 위원장은 이날 국회에서 열린 정무위원회 전체회의에서 ""쿠팡과 관련해 공정위가 다루고 있는 사건은 지난해 개인정보 유출 사고와 관계없이 이전부터 조사해 온 사안이 많다""며 ""공정위는 법 집행을 엄중하게, 국적에 관계없이 차별 없이 하고 있다""고 강조했다. 미국 측의 쿠팡 관련 보고서에 공정위가 별도의 입장을 내지 않고 있다는 지적에는 ""현재 외교부를 중심으로 대응하고 있으며 외교부 입장이 범정부 입장""이라고 답했다. 이어 외교부와 쿠팡 관련 조사·심의 정보를 공유하고 있으며, 미국의 플랫폼 기업 제재 사례 등 대응 자료도 전달하고 있다고 설명했다. <2026년 7월 4일자 청와대 ""쿠팡 조사 적법하다""…미 하원 보고서의 '차별' 주장 정면 반박 참고기사> 지난 선거 직후 사회관계망서비스(SNS)에 올린 글을 둘러싼 논란에 대해서는 고개를 숙였다. 주 위원장은 당시 서울 강남 지역 등의 선거 결과와 관련해 부적절한 댓글을 작성했다가 삭제한 것에 대해 ""사적 대화라고 생각하면서 논란이 확대될 것이라고 예상하지 못했다""며 ""부주의하게 올린 글로 국민께 심려를 끼친 데 대해 진심으로 유감""이라고 밝혔다. 신동욱 의원은 이를 두고 공직자의 선거 중립 의무 위반 소지가 있다고 지적했다. 공정위 퇴직자의 대형 법무법인 재취업과 관련해서는 내부 관리 강화를 약속했다. 주 위원장은 퇴직 후 로펌에 갈 계획이 있느냐는 질문에 ""계획이 없다""고 선을 그었으며, 퇴직자의 로펌행이 늘어나는 원인에 대해 ""공정거래 사건이 많아지고 기업들의 수요가 있기 때문""이라고 설명했다. 다만, 이해충돌 방지 장치가 제대로 작동하지 않는다는 지적에는 ""무겁게 받아들이고 조직 기강과 관련 제도를 엄중하게 관리하겠다""고 답했다. 이른바 '스드메'로 불리는 스튜디오·드레스·메이크업 계약 과정에서 추가 비용을 부과하는 관행에 대해서는 직권조사를 예고했다. 주 위원장은 기본 가격을 낮게 제시해 계약을 유도한 뒤 사진 파일 구입비와 드레스 피팅비 등을 추가로 부과한다는 지적에 ""중요한 문제""라고 답했다. 이어 ""지난 4월부터 관련 관행에 대한 점검을 진행하고 있다""며 ""조만간 주요 점검 결과를 바탕으로 직권조사에 들어갈 수 있다""고 밝혔다. 알파경제 김영택 기자 (sitory0103@alphabiz.co.kr) 김영택 기자 sitory0103@alphabiz.co.kr 그룹 UN 출신 최정원, 특수협박 혐의 기소유예 30대 안면거상 관심 증가…수술 전 주의 사항은? 입대한 정세운, 신곡 'Too Much' 깜짝 발매…입대 전날까지 마스터링 문근영, 열애설 없이 결혼 발표…배우 정평과 인생 2막 첫 모발이식이라면, 병원보다 먼저 봐야 할 ‘수술 구조’ 초고령사회 늘어나는 임플란트 치료, 네비게이션 임플란트란? 큐로셀, 튀르키예 비루니와 CAR-T 공동개발…'림카토' 2027년 허가 추진 사노피-한국산후조리원협회, 감염병 예방 MOU 연장 DKSH코리아, 노바티스와 맞손…'디오반·엑스포지' 국내 판매 맡는다 휴온스메디텍, 중국 상표권 소송 최종 승소…'더마샤인' 모조품 폐기 명령 그룹 UN 출신 최정원, 특수협박 혐의 기소유예 30대 안면거상 관심 증가…수술 전 주의 사항은? 입대한 정세운, 신곡 'Too Much' 깜짝 발매…입대 전날까지 마스터링 문근영, 열애설 없이 결혼 발표…배우 정평과 인생 2막 첫 모발이식이라면, 병원보다 먼저 봐야 할 ‘수술 구조’ 초고령사회 늘어나는 임플란트 치료, 네비게이션 임플란트란? 큐로셀, 튀르키예 비루니와 CAR-T 공동개발…'림카토' 2027년 허가 추진 사노피-한국산후조리원협회, 감염병 예방 MOU 연장 DKSH코리아, 노바티스와 맞손…'디오반·엑스포지' 국내 판매 맡는다 휴온스메디텍, 중국 상표권 소송 최종 승소…'더마샤인' 모조품 폐기 명령 중국 CATL(03750.HK) 2분기 실적 양호..나트륨 배터리 상업화 기대 유럽 폭스바겐(VOW.DE) 2분기 수익성 예상치 하회..역성장 가이던스 제시 아메리카 앰코(AMKR.N) 2분기 사상 최대 실적 기록..AI 턴키 공급망 완성 중국 CATL(03750.HK) 2분기 실적 양호..나트륨 배터리 상업화 기대 CATL(03750.HK) 2분기 실적 양호..나트륨 배터리 상업화 기대 유럽 폭스바겐(VOW.DE) 2분기 수익성 예상치 하회..역성장 가이던스 제시 폭스바겐(VOW.DE) 2분기 수익성 예상치 하회..역성장 가이던스 제시 아메리카 앰코(AMKR.N) 2분기 사상 최대 실적 기록..AI 턴키 공급망 완성 앰코(AMKR.N) 2분기 사상 최대 실적 기록..AI 턴키 공급망 완성 [단독] 꼬인 '디지털자산법' 푼 당정…금융위가 짜고 野가 발의, 與가 수용 [공시분석] 피델리티도 ‘찜’했다…한국항공우주, 한화 매수세 속 외인 ‘러브콜’ 이어져 [현장] SK하이닉스 프리마켓서 단 1주에 하한가 직행…넥스트레이드, '기형적 거래' 방치 [속보] 구마모토 강진에 TSMC 직원 대피…소니·르네사스도 피해 상황 점검 ‘기사회생’ 홈플러스, 내달 10일 영업 재개…식품 전문 매장으로 체질 개선 주병기 공정위 ""쿠팡 조사 차별 없어…배민·네이버도 같은 잣대"" 美 비판 반박 하이브, 분기 매출 1조·영업이익 1700억 사상 최대…BTS 등 아티스트 활약 현대차 의왕연구소 배터리 연구동서 화재…3시간 만에 진화 카카오, 경량 AI 모델 4종 오픈소스 공개…온디바이스 AI 겨냥 [현장] 부품값 뛰고 고환율에도…삼성전자 폴드8, 안방선 512GB 80만원 싸다 [단독] 꼬인 '디지털자산법' 푼 당정…금융위가 짜고 野가 발의, 與가 수용 [공시분석] 피델리티도 ‘찜’했다…한국항공우주, 한화 매수세 속 외인 ‘러브콜’ 이어져 [현장] SK하이닉스 프리마켓서 단 1주에 하한가 직행…넥스트레이드, '기형적 거래' 방치 [속보] 구마모토 강진에 TSMC 직원 대피…소니·르네사스도 피해 상황 점검 ‘기사회생’ 홈플러스, 내달 10일 영업 재개…식품 전문 매장으로 체질 개선 주병기 공정위 ""쿠팡 조사 차별 없어…배민·네이버도 같은 잣대"" 美 비판 반박 하이브, 분기 매출 1조·영업이익 1700억 사상 최대…BTS 등 아티스트 활약 현대차 의왕연구소 배터리 연구동서 화재…3시간 만에 진화 카카오, 경량 AI 모델 4종 오픈소스 공개…온디바이스 AI 겨냥 [현장] 부품값 뛰고 고환율에도…삼성전자 폴드8, 안방선 512GB 80만원 싸다 China's CXMT Doubles Global DRAM Market Share as Legacy Memory Supply Tightens South Korea Appeals Tax Court Ruling in LG Family Son-in-Law's Corporate Tax Dispute Yoon Suk Yeol Received More Than 1.7 Billion Won in Detention Deposits Over Past Year Pulmuone Faces Renewed Balance Sheet Pressure as Hybrid Bond Reliance Grows Samsung Electronics Drops Out of $1 Trillion Market Cap Club After Stock Plunge Kiwoom Securities Says No Decision Made on Reported Bithumb Stake Acquisition China's CXMT Doubles Global DRAM Market Share as Legacy Memory Supply Tightens South Korea Appeals Tax Court Ruling in LG Family Son-in-Law's Corporate Tax Dispute Yoon Suk Yeol Received More Than 1.7 Billion Won in Detention Deposits Over Past Year Pulmuone Faces Renewed Balance Sheet Pressure as Hybrid Bond Reliance Grows Samsung Electronics Drops Out of $1 Trillion Market Cap Club After Stock Plunge Kiwoom Securities Says No Decision Made on Reported Bithumb Stake Acquisition",4205,bs4_selector,86.0,good,195.0,True,False,https://news.google.com/rss/articles/CBMibkFVX3lxTE9VWWtuQzgtS29KU1BoZWpaMUZpNlg4NU9vX25oLXhMcTl5ZkNBOUhsZnFuVlIxZUE4cVo1R1N5QUlkd09SemYyUTZheXlmdFI0dVFiQWFtdFRDMktucGNOeFI5c0RTOVlsMWFxX3JB?oc=5,https://www.alphabiz.co.kr/news/articleView.html?idxno=165603,228.6,"antitrust_platform,legal_regulatory_enforcement,market_power_platform,phishing_security,platform_obligation,policy_legislation,privacy_security_reliability",antitrust_general,2026-07-28,json_ld:datePublished,original_date_recent,5,263.9,privacy_security:coupang:data_leak:sanction_or_penalty,0.0,global_incident:platform_enforcement:coupang:delivery_platform_fee_mfn:sanction_penalty,global_incident:platform_enforcement:coupang:delivery_platform_fee_mfn,56.0,self:platform_obligation,Y,,ok,http_200,body_valid,I037,global_incident:platform_enforcement:coupang:delivery_platform_fee_mfn,comp_domestic_direct_risk,COMPETITOR_PLATFORM_RISK,613.0,OFF_TOPIC,OFF_TOPIC,COMP_DOMESTIC_DIRECT_RISK,domestic,경쟁사_해외이슈,COMPETITOR_PLATFORM_RISK,comp_domestic_direct_risk,global_incident:platform_enforcement:coupang:delivery_platform_fee_mfn,global_incident:platform_enforcement:coupang:delivery_platform_fee_mfn,정부/국회 기사이나 카카오 플랫폼·AI·디지털금융과 연결 경로가 약함,4,2,1,로컬 보조 라벨 / v26.2: overseas structural industry candidate,로컬 보조 라벨 / v26.2: overseas structural industry candidate / v26.2: no central Korean public actor/action for Government section: no_public_actor_action_domain / v26.2: overseas structural industry candidate,issue_selected,공정거래위원회,정부/국회,정부_국회,경쟁사_해외이슈,정부_국회,정부/국회,13,본문추출성공,reassign:v27_korean_official_platform_enforcement_to_gov:platform_enforcement:coupang:delivery_platform_fee_mfn,pass:representative_aligned,7,"[알파경제=김영택 기자] 주병기 공정거래위원장은 28일 미국 측이 한국 정부의 쿠팡 조사를 미국 기업에 대한 차별적 조치라고 비판한 데 대해 ""공정위는 쿠팡뿐 아니라 배달의민족과 네이버 등 플랫폼 사업자에도 똑같은 잣대를 적용하고 있다""고 밝힘. 주 위원장은 이날 국회에서 열린 정무위원회 전체회의에서 ""쿠팡과 관련해 공정위가 다루고 있는 사건은 지난해 개인정보 유출 사고와 관계없이 이전부터 조사해 온 사안이 많다""며 ""공정위는 법 집행을 엄중하게, 국적에 관계없이 차별 없이 하고 있다""고 강조했음.",정부_국회,"주병기 공정위 ""쿠팡 조사 차별 없어…배민·네이버도 같은 잣대"" 美 비판 반박",https://www.alphabiz.co.kr/news/articleView.html?idxno=165603,알파경제,CEO_Morning_Briefing,CEO_Morning_Briefing,7,,,경쟁사_해외이슈->정부_국회:v27_korean_official_platform_enforcement_to_gov:platform_enforcement:coupang:delivery_platform_fee_mfn
정부_국회,정부/국회,인공지능 산업 동향,"울산시, 국산 NPU·VLM 결합 지능형 CCTV 관제체계 구축… ‘AX 기반 안전도시’ 박차",기계신문,기계신문,"Tue, 28 Jul 2026 01:30:10 GMT","Tue, 28 Jul 2026 01:30:10 GMT","울산시, 국산 NPU·VLM 결합 지능형 CCTV 관제체계 구축… ‘AX 기반 안전도시’ 박차 기계신문","울산광역시가 차세대 국산 인공지능(AI) 반도체(NPU)와 시각언어모델(VLM)을 결합한 지능형 CCTV 관제체계 구축 사업에 본격 착수하며 ‘지능형(스마트) 안전도시 울산’ 구현을 위한 행보를 가속화한다. 울산시는 28일 서울 중구 서울스퀘어에서 과학기술정보통신부 주관으로 열린 ‘국산 반도체(NPU) 기반 인공지능(AI) CCTV 전환 사업 통합 착수보고회’에 참석해 사업 추진을 공식화했다. 앞서 울산시는 과학기술정보통신부 공모사업에서 경상남도, 한국도로공사와 함께 전국 최상위 3개 기관 중 한 곳으로 선정되어 국비 31억 원을 포함해 총 34억 원의 사업비를 확보한 바 있다. 이번 사업은 울산시가 대표기관을 맡고 관내 5개 구·군이 공동으로 참여하며 오는 12월 15일까지 진행된다. 사업 대상은 울산시 재난안전상황실과 5개 구·군 CCTV 통합관제센터에서 운영하는 재난·생활안전 CCTV 총 8,942대다. 이번 사업의 핵심은 기존의 단순 객체 인식 관제 방식에서 벗어나 영상의 상황과 맥락을 문장 단위로 정교하게 해석하는 300억 파라미터급 방범·재난용 대형 시각언어모델(VLM)을 전국 최초로 도입하는 데 있다. 이에 더해 연산 효율성과 가성비가 뛰어난 국산 AI 가속기(NPU) 서버 56대를 구축해 외산 그래픽 처리 장치(GPU)에 대한 의존도를 낮추고, 공공 분야의 AI 컴퓨팅 주권을 선도한다는 구상이다. 신규 시스템이 본격 가동되면 기존 관제체계의 고질적인 한계였던 오탐률이 기존 약 80% 수준에서 5% 이하로 획기적으로 낮아질 전망이다. 이를 통해 관제요원의 업무 부담을 줄이고 실질적인 선별 관제를 가능하게 함으로써 공공 분야의 노동자 중심 인공지능 전환(AX)을 앞당길 것으로 기대된다. 또한 ""파란색 가방을 멘 남자아이를 찾아줘""와 같은 자연어 검색만으로 실종자의 이동 경로를 실시간 추적할 수 있으며, 위험 상황을 AI가 즉시 감지해 상황의 맥락을 글자(텍스트)로 정교하게 표현해준다. 울산시는 이를 바탕으로 국가산업단지 복합재난 대응 체계 강화와 외국인 밀집지역 치안 확보 등 지역 고유의 특성에 최적화된 맞춤형 AI 안전망을 도시 전역에 조성할 방침이다. 울산시 관계자는 ""이번 사업은 차세대 국산 AI 반도체 기술 선점과 산업 생태계 조성을 위한 정부 국정과제와 궤를 같이하는 핵심 프로젝트""라며 ""확보한 국비를 바탕으로 5개 구·군과 긴밀히 협력해 연내 사업을 차질 없이 마무리하고 시민이 안심하고 생활할 수 있는 울산을 만들겠다""고 밝혔다. 기계신문, 기계산업 뉴스채널 오상미 기자 osm@mtnews.net",1261,bs4_selector,86.0,good,127.5,True,False,https://news.google.com/rss/articles/CBMiZkFVX3lxTFA5VEc3eTRtZl81UW9YLW9STE9qVHNicVh4Q0tRcWpkODJXYmFJcEtxYXlVSkhObHJpNE80UkhKdWtHSkpIWUtnZ0FnRXpUdGdQY1Y5R2xKbjhFMmVPRmNSVVR2OW44QQ?oc=5,http://www.mtnews.net/news/articleView.html?idxno=25459,200.5,"ai_infrastructure_security,aidc_datacenter,kim_beomsoo_trial,platform_obligation,search_ads",aidc_gpu_npu,2026-07-28,meta:article:published_time,original_date_recent,1,206.65,,7.0,global_incident:platform_regulation:science_ict_ministry:platform_content_moderation_obligation:announcement,global_incident:platform_regulation:science_ict_ministry:platform_content_moderation_obligation,32.0,government:platform_obligation,Y,,ok,http_200,body_valid,I071,government_ai_core_policy:울산시 국산 npu vlm 결합 지능형 cctv 관제체계 구축 ax 기반 안전도시 박차,government_ai_core_policy,GOV_AI_DIGITAL_POLICY,414.5,,OFF_TOPIC,,other,정부_국회,GOV_AI_DIGITAL_POLICY,government_ai_core_policy,government_ai_core_policy:울산시 국산 npu vlm 결합 지능형 cctv 관제체계 구축 ax 기반 안전도시 박차,government_ai_core_policy:울산시 국산 npu vlm 결합 지능형 cctv 관제체계 구축 ax 기반 안전도시 박차,카카오 AI agent/AI 서비스 전략과 연결되는 핵심 정책환경,4,4,5,v26.2: no central Korean public actor/action for Government section: no_public_actor_action_domain / v26.2: overseas structural industry candidate,v43_hard_min:산업동향: daily-safe portfolio rescue,issue_selected,인공지능 산업 동향,산업동향,산업동향,정부_국회,정부_국회,정부/국회,15,본문추출성공,pass:v26_2_public_actor_action_pass:public_actor_official_action,pass:representative_aligned,8,울산광역시가 차세대 국산 인공지능(AI) 반도체(NPU)와 시각언어모델(VLM)을 결합한 지능형 CCTV 관제체계 구축 사업에 본격 착수하며 ‘지능형(스마트) 안전도시 울산’ 구현을 위한 행보를 가속화한음. 울산시는 28일 서울 중구 서울스퀘어에서 과학기술정보통신부 주관으로 열린 ‘국산 반도체(NPU) 기반 인공지능(AI) CCTV 전환 사업 통합 착수보고회’에 참석해 사업 추진을 공식화했음.,정부_국회,"울산시, 국산 NPU·VLM 결합 지능형 CCTV 관제체계 구축… ‘AX 기반 안전도시’ 박차",http://www.mtnews.net/news/articleView.html?idxno=25459,기계신문,CEO_Morning_Briefing,CEO_Morning_Briefing,8,v43_hard_min:산업동향,Y,
경쟁사_해외이슈,경쟁사/해외이슈,네이버,"한투증권 ""네이버, 엔비디아 투자로 AI 파트너십 강화""",파이낸셜뉴스,파이낸셜뉴스,"Mon, 27 Jul 2026 23:33:45 GMT","Mon, 27 Jul 2026 23:33:45 GMT","한투증권 ""네이버, 엔비디아 투자로 AI 파트너십 강화"" 파이낸셜뉴스","한투증권 ""네이버, 엔비디아 투자로 AI 파트너십 강화"" 네이버-엔비디아, AI 팩토리 구축 관련 전략적 투자협약 (출처=연합뉴스) (서울=연합뉴스) 강수지 기자 = 한국투자증권은 28일 네이버[035420]에 대해 엔비디아의 지분 투자로 양사의 사업 파트너 관계가 공고해질 것이라며 투자의견 '매수'와 목표주가 36만원을 유지했다. 전일 네이버 주가는 22만5천원을 기록했다. 정호윤 연구원은 네이버가 지난 27일 엔비디아를 대상으로 한 총 1조4천800억원 규모의 제3자 배정 유상증자를 공시했다고 밝혔다. 신주 724만1천564주를 발행가액 20만4천500원에 발행할 예정이며, 유상증자 후 엔비디아는 네이버 지분 4.5%를 보유하게 된다. 유상증자에는 선결 조건이 걸려 있다. 네이버가 AI 팩토리(AI Factory) 사업 확장에 사용하기 위해 최소 90억달러 규모의 컴퓨팅 인프라(GPU)를 확보하는 것이다. 정 연구원은 ""이번 투자는 장기적으로 네이버와 엔비디아의 사업 파트너 관계가 더욱 공고해질 것이라는 의미를 담고 있다""고 설명했다. 엔비디아는 그동안 코어위브와 네비우스 등 네오클라우드 기업에 지분을 투자하며 2030년까지 5기가와트(GW) 이상의 AI 팩토리 구축을 위한 최신 GPU 공급과 재무적 지원을 약속한 바 있다. 연구원은 ""빅테크의 자체 AI 칩(ASIC) 개발이 가속화됨에 따라 엔비디아가 자사 반도체 생태계를 지키기 위해 고객 생태계를 투자와 함께 지원하고 있다""며 ""네이버는 장기적으로 엔비디아의 핵심 파트너 중 하나로 AI 팩토리 사업을 확장해 나갈 것""이라고 말했다. 정 연구원은 시장이 여전히 AI 팩토리 사업의 고객 확보와 자금 조달 가능성에 우려를 품고 있다고 진단했다. 다만 그는 ""AI 팩토리는 우려보다 안정적인 현금 흐름과 마진율을 보여준다""며 ""GPU 구매·가동 이후 감가상각과 원리금 상환이 끝나는 5년 뒤부터 본격적인 영업 레버리지가 발생할 수 있는 사업""이라고 분석했다. 그러면서 ""국내에서도 피지컬 AI와 에이전틱 AI 등 기술적 변화로 데이터센터 산업이 본격적으로 커질 시기를 앞두고 있다""며 ""대표 플레이어가 될 네이버에 관심을 기울일 필요가 있다""고 강조했다. [email protected] (끝) <",1102,newspaper3k,66.0,good,-44.5,True,False,https://news.google.com/rss/articles/CBMiWkFVX3lxTE0tMDBQVE5xWkd2cWF6VndfZnZGeVRGR0VEcm0wTEhWWlk3bGlLNkZSZ0R1aUtLY2h1WDU5bUFzNXZucWVvbGdXa0ZnQWhVdjk5alU1bDhsTHVBZw?oc=5,https://www.fnnews.com/news/202607280833449623,345.0,"ai_agent,ai_infrastructure_security,aidc_datacenter,financial_performance,platform_obligation,policy_legislation,strategy_mna_governance",aidc_gpu_npu,2026-07-28,json_ld:datePublished,original_date_recent,8,76.25,,7.0,global_incident:leadership_service:naver:executive_change:executive_or_org_change,global_incident:leadership_service:naver:executive_change,18.0,,,,ok,http_200,body_valid,I002,comp_domestic_ai_platform:한투증권 네이버 엔비디아 투자로 ai 파트너십 강화,comp_domestic_ai_platform,COMPETITOR_AI_STRATEGY,669.5,,,COMP_DOMESTIC_AI_PLATFORM,mixed,경쟁사_해외이슈,COMPETITOR_AI_STRATEGY,comp_domestic_ai_platform,comp_domestic_ai_platform:한투증권 네이버 엔비디아 투자로 ai 파트너십 강화,comp_domestic_ai_platform:한투증권 네이버 엔비디아 투자로 ai 파트너십 강화,카카오가 경쟁사 전략·리스크·AI/플랫폼 대응을 비교 참고할 이슈,4,4,5,로컬 보조 라벨 / v26.2: overseas structural industry candidate,로컬 보조 라벨 / v26.2: overseas structural industry candidate,issue_selected,네이버,경쟁사/해외이슈,경쟁사_해외이슈,경쟁사_해외이슈,경쟁사_해외이슈,경쟁사/해외이슈,5,본문추출성공,pass:competitor_guardrail_pass,pass:representative_aligned,9,"한투증권 ""네이버, 엔비디아 투자로 AI 파트너십 강화"" 네이버-엔비디아, AI 팩토리 구축 관련 전략적 투자협약 (출처=연합뉴스) (서울=연합뉴스) 강수지 기자 = 한국투자증권은 28일 네이버[035420]에 대해 엔비디아의 지분 투자로 양사의 사업 파트너 관계가 공고해질 것이라며 투자의견 '매수'와 목표주가 36만원을 유지했음. 신주 724만1천564주를 발행가액 20만4천500원에 발행할 예정이며, 유상증자 후 엔비디아는 네이버 지분 4.5%를 보유하게 됨.",경쟁사_해외이슈,"한투증권 ""네이버, 엔비디아 투자로 AI 파트너십 강화""",https://www.fnnews.com/news/202607280833449623,파이낸셜뉴스,CEO_Morning_Briefing,CEO_Morning_Briefing,9,,,
경쟁사_해외이슈,경쟁사/해외이슈,네이버,"네이버·엔비디아·브룩필드, 한국 국가 AI 팩토리 인프라 확대",미디어픽,미디어픽,"Wed, 29 Jul 2026 00:16:02 GMT","Wed, 29 Jul 2026 00:16:02 GMT","네이버·엔비디아·브룩필드, 한국 국가 AI 팩토리 인프라 확대 미디어픽","AI 컴퓨팅 기술 분야의 선두주자인 엔비디아(www.nvidia.co.kr)가 네이버(NAVER), 브룩필드(Brookfield)와 함께 한국의 소버린 AI 팩토리 인프라 확대 계획을 발표했다. 이번 투자 계획을 통해 초기 엔비디아(NVIDIA) DSX AI 팩토리 구축 규모는 지난달 발표한 55메가와트보다 3배 이상 확대된 200메가와트로 늘어날 예정이다. 네이버는 향후 엔비디아 AI 인프라 구축 규모를 1기가와트까지 확대할 계획이다. 이재명 대통령의 샌프란시스코 AI 서밋 방문을 계기로 발표된 이번 200메가와트 규모 확장 계획은 한국의 국가 AI 전략 추진을 크게 가속할 것으로 기대된다. 확대된 인프라는 대한민국 세종시에 위치한 네이버 각 세종 하이퍼스케일 데이터센터에 엔비디아 DSX 플랫폼을 기반으로 구축될 예정이다. 엔비디아는 네이버에 10억 달러를 투자할 계획이다. 브룩필드는 최대 90억 달러 규모의 자금 지원을 위한 비구속적 조건합의서에 서명했으며, 네이버는 프로젝트에 필요한 나머지 자금을 조달할 예정이다. 엔비디아의 투자 계획은 통상적인 거래 종결 조건을 충족하고, 네이버가 엔비디아의 투자와 별도로 최소 90억 달러 규모의 확정 자금을 확보하는 것을 전제로 한다. 확대된 인프라는 한국과 미국의 AI 혁신 기업들이 차세대 모델과 에이전트, AI 기반 서비스를 개발할 수 있도록 프로덕션 규모의 AI 컴퓨팅 자원을 제공할 예정이다. 네이버 창업자 겸 이사회 의장 이해진은 “엔비디아의 전략적 투자 계획과 브룩필드와의 인프라 공급 계약을 통해 네이버의 AI 팩토리 사업 비전이 본격적인 실행 단계에 진입하게 됐다”며 “글로벌 파트너들과의 견고한 협력을 바탕으로 기술 혁신을 주도하고 소버린 AI 생태계를 육성하는 한편, 한국의 AI 경쟁력 강화를 위해 앞장서겠다”고 말했다. 브룩필드 AI 인프라 글로벌 총괄 시칸더 라시드(Sikander Rashid)는 “이번 파트너십은 브룩필드의 글로벌 AI 인프라 투자 역량, 네이버의 풀스택 AI 및 데이터센터 운영 전문성, 엔비디아의 가속 컴퓨팅 플랫폼을 결합해 한국의 AI 역량을 강화할 것”이라며 “글로벌 경제 전반에서 AI 도입이 가속화됨에 따라, 신뢰할 수 있고 소버린하며 확장 가능한 AI 인프라에 대한 접근은 기업과 국가 모두에 더욱 중요한 전략적 우선순위가 되고 있다”고 말했다. 엔비디아 창립자 겸 CEO 젠슨 황(Jensen Huang)은 “AI 팩토리는 지능의 시대에 국가가 경쟁하고 혁신하기 위해 필요한 인프라”라며 “네이버, 엔비디아, 브룩필드는 한국의 스타트업과 산업을 지원할 수 있는 규모의 소버린 AI 인프라를 함께 구축하고 있다. 이것이 바로 AI 시대에 국가와 기업이 미래를 만들어가는 방식”이라고 말했다. AI 혁신 기업 지원 위한 AI 팩토리 용량 확대 200메가와트 규모의 AI 팩토리에는 엔비디아 베라 루빈(NVIDIA Vera Rubin)과 엔비디아 블랙웰(NVIDIA Blackwell) 플랫폼을 포함한 첨단 엔비디아 AI 인프라가 도입될 예정이다. 이를 통해 경쟁력 있는 AI 모델과 애플리케이션을 대규모로 개발하고 배포하는 데 필요한 컴퓨팅 자원과 소프트웨어, 지원을 제공할 계획이다. 엔비디아 클라우드 파트너(NVIDIA Cloud Partner)인 네이버는 풀스택 엔비디아 AI 플랫폼 기반의 하이퍼스케일 인프라 운영에 대한 높은 전문성을 보유하고 있다. 이번 확장 계획은 네이버가 각 세종 데이터센터에 엔비디아 DSX를 도입하고, 한국의 기업과 산업, 정부 기관, 글로벌 AI 클라우드 고객을 지원하기 위해 장기적으로 기가와트급 소버린 AI 인프라를 구축하겠다고 밝힌 지난 6월 발표를 기반으로 한다. 브룩필드 투자로 AI 인프라 구축 확대 브룩필드는 데이터센터, 컴퓨팅, 반도체 제조, 전용 전력 생산 등 AI 인프라 가치사슬 전반에서 약 1,000억 달러의 운용자산을 보유한 업계 선도적인 AI 인프라 투자 플랫폼을 구축했다. 이번 네이버 투자 계획은 브룩필드와 엔비디아의 전략적 파트너십에서 또 하나의 중요한 이정표가 될 전망이다. 브룩필드 글로벌 AI 인프라 프로그램의 창립 파트너로 엔비디아가 참여한 데 이어, 이번 투자 계획은 브룩필드의 자본과 AI 인프라·전력 전문성을 엔비디아의 가속 컴퓨팅 플랫폼과 결합해 대규모 AI 팩토리 구축을 지원한다. 브룩필드는 2014년 한국에 진출한 이후 장기 투자자로 활발히 활동해 왔으며, 현재 인프라, 부동산, 에너지 분야에서 약 120억 달러 규모의 자산을 운용하고 있다. 엔비디아 DSX 플랫폼 기반 인프라 확대 엔비디아 DSX 플랫폼은 칩과 시스템, 소프트웨어, 시설, 파트너 기술을 아우르는 엔드투엔드 공동 설계 스택을 제공한다. AI 팩토리를 위해 특별히 설계된 이 플랫폼은 토큰 비용을 최소화하고 최초 프로덕션 가동까지 걸리는 시간을 단축한다. 엔비디아 DSX MaxLPS 소프트웨어는 메가와트당 토큰 처리량을 극대화하며, 엔비디아 DSX OS는 확대된 인프라 전반에서 수명주기 관리와 상태 자동화, 복원력, 멀티테넌트 AI 팩토리 관리를 지원한다. 오픈 모델 기반 성장 가속 확대된 인프라는 에이전틱 AI와 피지컬 AI를 위한 오픈 모델 개발 분야에서 네이버와 엔비디아가 추진해 온 협력을 기반으로 한다. 네이버는 자체 데이터와 훈련 전문성을 활용해 엔비디아 네모트론 3 울트라(NVIDIA Nemotron 3 Ultra) 오픈 모델을 기반으로 하이퍼클로바X(HyperCLOVA X) 모델을 고도화하고 있다. 또한 네이버는 엔비디아 네모트론 연합(NVIDIA Nemotron Coalition)에 참여한 최초의 한국 기업으로, 사전 훈련과 사후 훈련, 강화학습 전반에서 오픈 모델 개발에 기여하고 있다. 네이버는 올해 하반기 엔비디아 네모클로(NVIDIA NemoClaw) 블루프린트를 포함한 엔비디아 에이전트 툴킷 소프트웨어 기반의 AI 에이전트 플랫폼을 국내에 출시할 계획이다. 또한 네이버는 자체 도시 거리뷰와 공간 모델링 데이터를 활용해 엔비디아 코스모스(NVIDIA Cosmos) 월드 파운데이션 모델 기반의 서울 월드 모델을 개발하고 있다.",2985,trafilatura,88.0,good,92.5,True,False,https://news.google.com/rss/articles/CBMia0FVX3lxTFBJekJfZF9Ea19YVWJrbktLTUJfYzlQeVpab09DLUFDWmlsWU9oVzE2UjVadDJIUXRJU2JWQlFxUTB0Q3RXTGIzZF9FSVhfaG4wcm9wNlVDOU1UWEQ1TFM3Qm1yWEdXUmxvUThJ?oc=5,https://www.mediapic.co.kr/news/articleView.html?idxno=3118,351.5,"ai_infrastructure_security,market_power_platform,platform_obligation,policy_legislation",ai_infrastructure_security,2026-07-29,json_ld:datePublished,original_date_recent,4,195.95,,23.0,global_incident:platform_regulation:naver:platform_data_protection_obligation:policy_change,global_incident:platform_regulation:naver:platform_data_protection_obligation,32.0,government:platform_obligation,Y,,ok,http_200,body_valid,I004,comp_domestic_ai_platform:네이버 엔비디아 브룩필드 한국 국가 ai 팩토리 인프라 확대,comp_domestic_ai_platform,COMPETITOR_AI_STRATEGY,666.5,,,COMP_DOMESTIC_AI_PLATFORM,mixed,경쟁사_해외이슈,COMPETITOR_AI_STRATEGY,comp_domestic_ai_platform,comp_domestic_ai_platform:네이버 엔비디아 브룩필드 한국 국가 ai 팩토리 인프라 확대,comp_domestic_ai_platform:네이버 엔비디아 브룩필드 한국 국가 ai 팩토리 인프라 확대,카카오가 경쟁사 전략·리스크·AI/플랫폼 대응을 비교 참고할 이슈,4,4,5,로컬 보조 라벨 / v26.2: overseas structural industry candidate,로컬 보조 라벨 / v26.2: overseas structural industry candidate,issue_selected,네이버,경쟁사/해외이슈,경쟁사_해외이슈,경쟁사_해외이슈,경쟁사_해외이슈,경쟁사/해외이슈,6,본문추출성공,pass:competitor_guardrail_pass,pass:representative_aligned,10,"AI 컴퓨팅 기술 분야의 선두주자인 엔비디아(www.nvidia.co.kr)가 네이버(NAVER), 브룩필드(Brookfield)와 함께 한국의 소버린 AI 팩토리 인프라 확대 계획을 발표했음. 이번 투자 계획을 통해 초기 엔비디아(NVIDIA) DSX AI 팩토리 구축 규모는 지난달 발표한 55메가와트보음.",경쟁사_해외이슈,"네이버·엔비디아·브룩필드, 한국 국가 AI 팩토리 인프라 확대",https://www.mediapic.co.kr/news/articleView.html?idxno=3118,미디어픽,CEO_Morning_Briefing,CEO_Morning_Briefing,10,,,
경쟁사_해외이슈,경쟁사/해외이슈,네이버,"네이버의 14조 AI팩토리, 공급도 자금도 시간도 샀다",바이라인네트워크,바이라인네트워크,"Tue, 28 Jul 2026 22:18:47 GMT","Tue, 28 Jul 2026 22:18:47 GMT","네이버의 14조 AI팩토리, 공급도 자금도 시간도 샀다 바이라인네트워크","네이버가 엔비디아와 캐나다 브룩필드(Brookfield)와 손잡고 총 14조8000억원 규모의 AI팩토리 인프라를 확보합니다. 22년 만에 제3자 유상증자까지 단행하면서입니다. 들여다 보면, 혼자서는 벅찼던 AI 인프라 공급과 자금, 시간을 한꺼번에 푸는 방책입니다. AI팩토리 시대, GPU도 부지도 찾기 어렵다 네이버가 지분까지 내주며 이 동맹에 들어간 이유는 AI팩토리 사업으로 나아가기 위한 기반을 빠르게 마련하기 위해서입니다. 먼저 AI팩토리는 말 그대로 데이터를 AI로 만들고 쓰기 위한 공장(Factory), AI 시대에 맞춘 데이터센터입니다. 데이터를 모아 AI가 쓸 수 있게 정제하고 보관하며, 이를 활용해 AI 모델과 서비스를 만들어 테스트하고 최적화하죠. 오픈AI의 챗GPT나 앤트로픽의 클로드도, 요즘 대세인 손가락 있는 로봇의 학습도, 초개인화 쇼핑도 결국 이 공장을 거칩니다. 그런데 지금 AI팩토리를 만드는 일이 영 쉽지 않습니다. AI팩토리에는 GPU와 저장장치, 고속 네트워크, AI 소프트웨어, 그리고 데이터센터 대비 높은 수준의 전력 공급과 대용량 냉각장치 등이 필요합니다. 문제는 수요가 늘어난다고 갑자기 공급이 늘어나지는 않는다는 거죠, 생태계 전반에서 공급 부족이 일어나는 게 현실입니다. 이미 국내외 칩 관련 기업의 올해 생산량은 주인이 다 정해진 상황으로 알려졌고요, 호남 반도체 단지 조성에도 전력이 큰 화두가 되었습니다. 네이버도 비슷합니다. 역량이 부족해서는 아니고요. 회사는 스스로를 “데이터센터, GPU 클러스터, AI 플랫폼은 물론 자체 모델과 서비스까지 AI팩토리의 전 영역을 직접 운영해온, 글로벌에서도 드문 사업자”로 소개하는데요. 2019년 엔비디아의 슈퍼컴퓨팅 인프라를 전 세계 최초로 상용화했고, 20여년간 축적한 인프라 운영 경험으로 냉각·전력·네트워크 등 데이터센터 핵심 기술을 AI 워크로드에 맞춰 모두 내재화했다는 설명입니다. 스스로 꼽는 강점도 “즉시 실행 가능한 풀스택 AI 역량”이고요. 그런데도 지난해 네이버는 GPU를 구하지 못해 애를 먹었습니다. 10만장 수준의 GPU를 대규모 클러스터로 굴리면서도, 더 필요하다는 말을 공개적으로 반복했거든요. 지난해 10월 경주 APEC을 계기로 엔비디아로부터 GPU 6만장을 약속받은 직후 열린 팀네이버 통합 컨퍼런스 ‘단25’에서, 김유원 네이버클라우드 대표는 “네이버 AI를 개발하는 데 있어 젠슨 황이 약속한 GPU 6만장으로도 충분하지 않을 것이라고 생각한다”며 “6만장이 하루아침에 다 들어와도 데이터센터 등을 확보해야 한다”고 말했습니다. GPU도, 공간도, 시간도 부족하다는 겁니다. [무료 웨비나] 복잡한 레거시 환경에서 AI를 안전하게 확장하고 비즈니스 혁신을 가속화하는 방법 일시 : 2026년 7월 23일 (목) 14:00 ~ 15:00 사실 돈도 문제입니다. 글로벌 빅테크가 온힘을 쏟아붓는 판에, 올해 1분기 현금성 자산이 약 6조원인 네이버가 이들과 정면으로 붙기는 어렵습니다. 그렇다고 네이버 입장에서 마냥 AI팩토리를 만든다고 해서, 고객을 잘 유치할 수 있는 것도 아닙니다. 구글클라우드와 아마존웹서비스(AWS) 등 대형 클라우드 기업들은 자사 고객들을 갖고 있어 크로스셀링에 유리합니다. 반면 네이버는 네이버클라우드가 있다고 해도, 글로벌 빅테크에 비해 엔터프라이즈 고객 기반이 상대적으로 작을 수밖에 없습니다. 네이버가 마련한 AI인프라 확보 구조 이번 투자는 네이버가 AI팩토리 사업자로 거듭나기 위한 여러 어려움을 해결하기 위해, 글로벌 AI 인프라 확장을 꿈꾸는 엔비디아와 브룩필드 동맹에 합류하는 모양새입니다. 네이버는 이들로부터 투자와 인프라 조달을 합쳐 총 100억달러(한화 약 14조8000억원) 규모의 자산을 확보할 계획입니다. 구체적으로 보면, 먼저 엔비디아로부터 10억달러(한화 약 1조4809억원) 를 받습니다. 네이버 상장 이후 첫 3자 배정 유상증자로 엔비디아는 지분 4.5%를 확보하며, 오는 10월 말 납입이 완료되면 3대 주주로 올라서게 됩니다. 다만 이 유상증자에는 90억달러(한화 약 13조3300억원) 규모의 컴퓨팅 인프라 확보가 선결 요건으로 붙어 있고요. 네이버는 이를 위해 브룩필드를 우선협상대상자로 선정했습니다. 브룩필드는 인프라·재생에너지·PE·부동산·크레딧을 아우르는 운용자산 1조달러 이상의 운용사이고, 디지털 인프라와 청정에너지에 이미 1000억달러 이상을 투자한 이력이 있습니다. 브룩필드가 프로젝트 파이낸싱(PF)으로 나서 수백 메가와트(MW)에 달하는 GPU와 그린필드를 마련한 후 네이버가 이를 사용하는 식입니다. 양사는 12주 내로 본 계약을 마무리하는 게 목표입니다. 브룩필드가 대는 금액은 최대 90억달러이며, 프로젝트에 필요한 나머지 자금은 네이버가 부담할 예정입니다. 글로벌 AI 인프라 확장을 주도하는 엔비디아와 브룩필드가 자신들의 거대한 AI 생태계에 네이버를 핵심 파트너로 맞이한 구조로 풀이됩니다. 네이버는 “브룩필드가 AI 인프라 펀드 및 관련 프로그램을 통해 인프라를 제공할 예정”이라고 밝혔습니다. 이는 브룩필드가 지난해 11월 출범한 1000억달러(한화 약 148조원) 규모 ‘글로벌 AI 인프라스트럭처 프로그램(Global AI Infrastructure Program)’을 의미하는 것으로 분석됩니다. 이 프로그램의 마중물은 100억달러 출자를 목표로 하는 브룩필드 AI 인프라 펀드(BAIIF)로, 현재까지 모인 50억달러(한화 약 7조4000억원)에 브룩필드와 엔비디아, 쿠웨이트투자청(KIA) 등이 참여했습니다. 결과적으로 네이버가 확보할 인프라 재원에는 엔비디아의 자본도 일부 포함되어 있는 셈입니다. 공급·자금·시간을 한 번에 푸는 네이버 네이버는 이 구조로 혼자서는 벅찼던 공급과 자금, 시간 세 가지를 한 번에 풀어냅니다. 먼저 공급입니다. 이번 브룩필드와의 본계약이 성사되면 네이버는 AI팩토리를 본격적으로 확장할 발판을 얻습니다. 최신형인 베라 루빈과 블랙웰이 들어갈 예정고요. 또 BAIIF의 4대 투자 축 가운데 첫 번째가 ‘엔비디아 DSX 베라 루빈 레퍼런스 디자인 기반 AI팩토리’인데, 네이버는 이번에 엔비디아의 차세대 데이터센터 플랫폼 DSX를 도입합니다. 다음은 자금입니다. 브룩필드를 통해 마련하기로 한 90억달러 규모 컴퓨팅 인프라는 네이버 홀로 감당하기 어려운 금액인데요. 올해 1분기 현금성 자산의 2배가 넘습니다. 혼자 GPU를 기다리고 부지를 넓혀가자면 시간도 만만치 않게 들고요. 시장 공식처럼, 한정된 자산과 시간 안에서 효율을 최대로 끌어올리는 길을 택한 셈입니다. 지금 계획은 브룩필드의 PF로 인프라를 짓고 네이버가 이를 쓰는 구조입니다. 초기 부담을 뒤로 미루고 확장 속도를 사는 대신, 미래에 부담을 지는 방식이죠. 시장에서는 통상적인 데이터센터 사업처럼 특수목적법인(SPC)을 세워 차주로 삼는 방식이 거론됩니다. 다만 회사는 정해진 건 없다는 입장이고요. 네이버는 일단 인프라만 갖춰지면 속도를 낼 수 있다는 자신감이 있습니다. 회사는 자체 데이터센터에 더해 전국 20여곳에 GPU 상면을 선제적으로 확보·운영하고 있으며, 표준 사양의 서버 체계를 구축해 자원 확보부터 서비스 개시까지의 기간을 1개월 이내로 단축하는 것을 목표로 하고 있다고 설명했습니다. 엔비디아와 브룩필드도 이윤이 남습니다. 엔비디아 입장에서는 장기적으로 자사의 장비와 소프트웨어를 꾸준히 쓰며 교체할 수요처를 얻는 한편, 브룩필드 또한 이자나 장기 사용료로 투자금을 회수하면서 AI 인프라 밸류체인 전반에 발을 걸칠 기회를 얻은 겁니다. 수요 확보를 위한 전략도 있네요. 자회사 네이버클라우드는 엔비디아와 글로벌 AI팩토리 사업을 함께 추진하는 ‘AI 컴퓨트 파트너십’ 계약을 논의하고 있습니다. 이 파트너십이 성사되면 엔비디아는 GPU 공급을 넘어 수요·자본까지 함께 짊어지는 공동 사업 주체로 들어올 수 있습니다. 다만 아직 확정된 단계는 아닙니다. 이해진 네이버 의장은 지난 24일(현지 시간) 샌프란시스코 더 미드웨이(The Midway)에서 열린 정부 주재 ‘샌프란시스코 K-AI’ 서밋에서 “두 회사가 자금뿐만 아니라 글로벌 브랜드, 네트워킹을 통해서 저희의 노하우를 스케일업하는데 큰 기회가 될 것으로 생각하고 있다”고 말하기도 했습니다. 네이버는 짧은 시간 내 아시아·태평양, 유럽, 중동 시장의 소버린(Sovereign) AI 인프라 수요를 흡수하겠다는 전략입니다. 회사는 “2027년 상반기 55MW 규모의 글로벌 AI팩토리 가동을 시작하고, 2028년 200MW 규모까지 본 궤도에 올린 후, 이를 발판 삼아 1GW급으로 빠르게 확장할 것으로 기대한다”며, “2027년부터 AI팩토리 사업을 통한 매출을 창출할 계획”이라고 밝혔습니다. 이해진 의장은 지난 24일 “세상의 다양성이 지켜지기 위해서는 각 국가마다, 각 집단마다 각 개인마다 여러 가지 AI가 나타나고 그런 AI들이 만들어지고 활동할 수 있어야만 세상의 다양성이 지켜질 수 있으리라 저희는 믿고 있다”며, “이 꿈을 함께하는 전 세계 기업들과 함께 협력해서 그 세상이 이뤄지도록 최선의 노력을 다할 것”이라고 밝혔는데요. 물론 지금까지의 그림이 꽃밭으로 이어질지는 미정입니다. 네이버는 브룩필드의 자산을 쓰는 대가로 장기간 돈을 내야 하는데요. 그 돈을 대줄 건 결국 AI팩토리에 들어올 고객사입니다. 엔비디아와의 파트너십이 성사되더라도, 공장을 얼마나 빨리 채워 돈을 버느냐는 네이버 몫이고요. 이번 승부수가 어떻게 흘러갈지 두고 볼 일입니다. 글 . 바이라인네트워크 < 성아인 기자 > aing8@byline.network 네이버가 엔비디아와 캐나다 브룩필드(Brookfield)와 손잡고 총 14조8000억원 규모의 AI팩토리 인프라를 확보합니다. 22년 만에 제3자 유상증자까지 단행하면서입니다. 들여다 보면, 혼자서는 벅찼던 AI 인프라 공급과 자금, 시간을 한꺼번에 푸는 방책입니다. 인프라를 확보합니다. 22년 만에 제3자 유상증자까지 단행하면서입니다. 들여다 보면, 네이버가 지분까지 내주며 이 동맹에 들어간 이유는 AI팩토리 사업으로 나아가기 위한 기반을 빠르게 마련하기 위해서입니다. 먼저 AI팩토리는 말 그대로 데이터를 AI로 만들고 쓰기 위한 공장(Factory), AI 시대에 맞춘 데이터센터입니다. 데이터를 모아 AI가 쓸 수 있게 정제하고 보관하며, 이를 활용해 AI 모델과 서비스를 만들어 테스트하고 최적화하죠. 오픈AI의 챗GPT나 앤트로픽의 클로드도, 요즘 대세인 손가락 있는 로봇의 학습도, 초개인화 쇼핑도 결국 이 공장을 거칩니다. 그런데 지금 AI팩토리를 만드는 일이 영 쉽지 않습니다. AI팩토리에는 GPU와 저장장치, 고속 네트워크, AI 소프트웨어, 그리고 데이터센터 대비 높은 수준의 전력 공급과 대용량 냉각장치 등이 필요합니다. 문제는 수요가 늘어난다고 갑자기 공급이 늘어나지는 않는다는 거죠, 생태계 전반에서 공급 부족이 일어나는 게 현실입니다. 이미 국내외 칩 관련 기업의 올해 생산량은 주인이 다 정해진 상황으로 알려졌고요, 호남 반도체 단지 조성에도 전력이 큰 화두가 되었습니다. 네이버도 비슷합니다. 역량이 부족해서는 아니고요. 회사는 스스로를 “데이터센터, GPU 클러스터, AI 플랫폼은 물론 자체 모델과 서비스까지 AI팩토리의 전 영역을 직접 운영해온, 글로벌에서도 드문 사업자”로 소개하는데요. 2019년 엔비디아의 슈퍼컴퓨팅 인프라를 전 세계 최초로 상용화했고, 20여년간 축적한 인프라 운영 경험으로 냉각·전력·네트워크 등 데이터센터 핵심 기술을 AI 워크로드에 맞춰 모두 내재화했다는 설명입니다. 스스로 꼽는 강점도 “즉시 실행 가능한 풀스택 AI 역량”이고요. 그런데도 지난해 네이버는 GPU를 구하지 못해 애를 먹었습니다. 10만장 수준의 GPU를 대규모 클러스터로 굴리면서도, 더 필요하다는 말을 공개적으로 반복했거든요. 지난해 10월 경주 APEC을 계기로 엔비디아로부터 GPU 6만장을 약속받은 직후 열린 팀네이버 통합 컨퍼런스 ‘단25’에서, 김유원 네이버클라우드 대표는 “네이버 AI를 개발하는 데 있어 젠슨 황이 약속한 GPU 6만장으로도 충분하지 않을 것이라고 생각한다”며 “6만장이 하루아침에 다 들어와도 데이터센터 등을 확보해야 한다”고 말했습니다. GPU도, 공간도, 시간도 부족하다는 겁니다. [무료 웨비나] 복잡한 레거시 환경에서 AI를 안전하게 확장하고 비즈니스 혁신을 가속화하는 방법 일시 : 2026년 7월 23일 (목) 14:00 ~ 15:00 복잡한 레거시 환경에서 AI를 안전하게 확장하고 비즈니스 혁신을 가속화하는 방법 사실 돈도 문제입니다. 글로벌 빅테크가 온힘을 쏟아붓는 판에, 올해 1분기 현금성 자산이 약 6조원인 네이버가 이들과 정면으로 붙기는 어렵습니다. 그렇다고 네이버 입장에서 마냥 AI팩토리를 만든다고 해서, 고객을 잘 유치할 수 있는 것도 아닙니다. 구글클라우드와 아마존웹서비스(AWS) 등 대형 클라우드 기업들은 자사 고객들을 갖고 있어 크로스셀링에 유리합니다. 반면 네이버는 네이버클라우드가 있다고 해도, 글로벌 빅테크에 비해 엔터프라이즈 고객 기반이 상대적으로 작을 수밖에 없습니다. 이번 투자는 네이버가 AI팩토리 사업자로 거듭나기 위한 여러 어려움을 해결하기 위해, 글로벌 AI 인프라 확장을 꿈꾸는 엔비디아와 브룩필드 동맹에 합류하는 모양새입니다. 네이버는 이들로부터 투자와 인프라 조달을 합쳐 총 100억달러(한화 약 14조8000억원) 규모의 자산을 확보할 계획입니다. 구체적으로 보면, 먼저 엔비디아로부터 10억달러(한화 약 1조4809억원) 를 받습니다. 네이버 상장 이후 첫 3자 배정 유상증자로 엔비디아는 지분 4.5%를 확보하며, 오는 10월 말 납입이 완료되면 3대 주주로 올라서게 됩니다. 다만 이 유상증자에는 90억달러(한화 약 13조3300억원) 규모의 컴퓨팅 인프라 확보가 선결 요건으로 붙어 있고요. 네이버는 이를 위해 브룩필드를 우선협상대상자로 선정했습니다. 브룩필드는 인프라·재생에너지·PE·부동산·크레딧을 아우르는 운용자산 1조달러 이상의 운용사이고, 디지털 인프라와 청정에너지에 이미 1000억달러 이상을 투자한 이력이 있습니다. 브룩필드가 프로젝트 파이낸싱(PF)으로 나서 수백 메가와트(MW)에 달하는 GPU와 그린필드를 마련한 후 네이버가 이를 사용하는 식입니다. 양사는 12주 내로 본 계약을 마무리하는 게 목표입니다. 브룩필드가 대는 금액은 최대 90억달러이며, 프로젝트에 필요한 나머지 자금은 네이버가 부담할 예정입니다. 글로벌 AI 인프라 확장을 주도하는 엔비디아와 브룩필드가 자신들의 거대한 AI 생태계에 네이버를 핵심 파트너로 맞이한 구조로 풀이됩니다. 네이버는 “브룩필드가 AI 인프라 펀드 및 관련 프로그램을 통해 인프라를 제공할 예정”이라고 밝혔습니다. 이는 브룩필드가 지난해 11월 출범한 1000억달러(한화 약 148조원) 규모 ‘글로벌 AI 인프라스트럭처 프로그램(Global AI Infrastructure Program)’을 의미하는 것으로 분석됩니다. 이 프로그램의 마중물은 100억달러 출자를 목표로 하는 브룩필드 AI 인프라 펀드(BAIIF)로, 현재까지 모인 50억달러(한화 약 7조4000억원)에 브룩필드와 엔비디아, 쿠웨이트투자청(KIA) 등이 참여했습니다. 결과적으로 네이버가 확보할 인프라 재원에는 엔비디아의 자본도 일부 포함되어 있는 셈입니다. 네이버는 이 구조로 혼자서는 벅찼던 공급과 자금, 시간 세 가지를 한 번에 풀어냅니다. 먼저 공급입니다. 이번 브룩필드와의 본계약이 성사되면 네이버는 AI팩토리를 본격적으로 확장할 발판을 얻습니다. 최신형인 베라 루빈과 블랙웰이 들어갈 예정고요. 또 BAIIF의 4대 투자 축 가운데 첫 번째가 ‘엔비디아 DSX 베라 루빈 레퍼런스 디자인 기반 AI팩토리’인데, 네이버는 이번에 엔비디아의 차세대 데이터센터 플랫폼 DSX를 도입합니다. 다음은 자금입니다. 브룩필드를 통해 마련하기로 한 90억달러 규모 컴퓨팅 인프라는 네이버 홀로 감당하기 어려운 금액인데요. 올해 1분기 현금성 자산의 2배가 넘습니다. 혼자 GPU를 기다리고 부지를 넓혀가자면 시간도 만만치 않게 들고요. 시장 공식처럼, 한정된 자산과 시간 안에서 효율을 최대로 끌어올리는 길을 택한 셈입니다. 지금 계획은 브룩필드의 PF로 인프라를 짓고 네이버가 이를 쓰는 구조입니다. 초기 부담을 뒤로 미루고 확장 속도를 사는 대신, 미래에 부담을 지는 방식이죠. 시장에서는 통상적인 데이터센터 사업처럼 특수목적법인(SPC)을 세워 차주로 삼는 방식이 거론됩니다. 다만 회사는 정해진 건 없다는 입장이고요. 네이버는 일단 인프라만 갖춰지면 속도를 낼 수 있다는 자신감이 있습니다. 회사는 자체 데이터센터에 더해 전국 20여곳에 GPU 상면을 선제적으로 확보·운영하고 있으며, 표준 사양의 서버 체계를 구축해 자원 확보부터 서비스 개시까지의 기간을 1개월 이내로 단축하는 것을 목표로 하고 있다고 설명했습니다. 엔비디아와 브룩필드도 이윤이 남습니다. 엔비디아 입장에서는 장기적으로 자사의 장비와 소프트웨어를 꾸준히 쓰며 교체할 수요처를 얻는 한편, 브룩필드 또한 이자나 장기 사용료로 투자금을 회수하면서 AI 인프라 밸류체인 전반에 발을 걸칠 기회를 얻은 겁니다. 수요 확보를 위한 전략도 있네요. 자회사 네이버클라우드는 엔비디아와 글로벌 AI팩토리 사업을 함께 추진하는 ‘AI 컴퓨트 파트너십’ 계약을 논의하고 있습니다. 이 파트너십이 성사되면 엔비디아는 GPU 공급을 넘어 수요·자본까지 함께 짊어지는 공동 사업 주체로 들어올 수 있습니다. 다만 아직 확정된 단계는 아닙니다. 이해진 네이버 의장은 지난 24일(현지 시간) 샌프란시스코 더 미드웨이(The Midway)에서 열린 정부 주재 ‘샌프란시스코 K-AI’ 서밋에서 “두 회사가 자금뿐만 아니라 글로벌 브랜드, 네트워킹을 통해서 저희의 노하우를 스케일업하는데 큰 기회가 될 것으로 생각하고 있다”고 말하기도 했습니다. 네이버는 짧은 시간 내 아시아·태평양, 유럽, 중동 시장의 소버린(Sovereign) AI 인프라 수요를 흡수하겠다는 전략입니다. 회사는 “2027년 상반기 55MW 규모의 글로벌 AI팩토리 가동을 시작하고, 2028년 200MW 규모까지 본 궤도에 올린 후, 이를 발판 삼아 1GW급으로 빠르게 확장할 것으로 기대한다”며, “2027년부터 AI팩토리 사업을 통한 매출을 창출할 계획”이라고 밝혔습니다. 이해진 의장은 지난 24일 “세상의 다양성이 지켜지기 위해서는 각 국가마다, 각 집단마다 각 개인마다 여러 가지 AI가 나타나고 그런 AI들이 만들어지고 활동할 수 있어야만 세상의 다양성이 지켜질 수 있으리라 저희는 믿고 있다”며, “이 꿈을 함께하는 전 세계 기업들과 함께 협력해서 그 세상이 이뤄지도록 최선의 노력을 다할 것”이라고 밝혔는데요. 물론 지금까지의 그림이 꽃밭으로 이어질지는 미정입니다. 네이버는 브룩필드의 자산을 쓰는 대가로 장기간 돈을 내야 하는데요. 그 돈을 대줄 건 결국 AI팩토리에 들어올 고객사입니다. 엔비디아와의 파트너십이 성사되더라도, 공장을 얼마나 빨리 채워 돈을 버느냐는 네이버 몫이고요. 이번 승부수가 어떻게 흘러갈지 두고 볼 일입니다. 글 . 바이라인네트워크 < 성아인 기자 > aing8@byline.network",9403,bs4_selector,58.0,good,76.5,True,False,https://news.google.com/rss/articles/CBMiU0FVX3lxTE9nQ3F4TmpESy1QRWhTcV9iVFNvbTNyUlRKQUhYQkNSQy15UmFRVUJwcjY3cVk4ejAtenY3S0k3eDYyMXY5ZkttZzhhVExWRktYTng0?oc=5,https://byline.network/2026/07/28_129873,236.5,"ai_agent,ai_infrastructure_security,aidc_datacenter,market_power_platform,platform_obligation,strategy_mna_governance",aidc_law_power,2026-07-29,json_ld:datePublished,original_date_recent,9,144.75,,7.0,global_incident:platform_regulation:naver:platform_regulation:announcement,global_incident:platform_regulation:naver:platform_regulation,0.0,,,,ok,http_200,body_valid,I018,comp_domestic_ai_platform:네이버의 14조 ai팩토리 공급도 자금도 시간도 샀다,comp_domestic_ai_platform,COMPETITOR_AI_STRATEGY,666.5,,,COMP_DOMESTIC_AI_PLATFORM,domestic,경쟁사_해외이슈,COMPETITOR_AI_STRATEGY,comp_domestic_ai_platform,comp_domestic_ai_platform:네이버의 14조 ai팩토리 공급도 자금도 시간도 샀다,comp_domestic_ai_platform:네이버의 14조 ai팩토리 공급도 자금도 시간도 샀다,카카오가 경쟁사 전략·리스크·AI/플랫폼 대응을 비교 참고할 이슈,4,4,5,로컬 보조 라벨 / v26.2: overseas structural industry candidate,로컬 보조 라벨 / v26.2: overseas structural industry candidate,issue_selected,네이버,경쟁사/해외이슈,경쟁사_해외이슈,경쟁사_해외이슈,경쟁사_해외이슈,경쟁사/해외이슈,10,본문추출성공,pass:competitor_guardrail_pass,pass:representative_aligned,11,"브룩필드(Brookfield)와 손잡고 총 14조8000억원 규모의 AI팩토리 인프라를 확보함. AI팩토리 시대, GPU도 부지도 찾기 어렵음.",경쟁사_해외이슈,"네이버의 14조 AI팩토리, 공급도 자금도 시간도 샀다",https://byline.network/2026/07/28_129873,바이라인네트워크,CEO_Morning_Briefing,CEO_Morning_Briefing,11,,,
경쟁사_해외이슈,경쟁사/해외이슈,SKT,"SKT, 6880억개 매개변수 'A.X K2' 공개…제조·국방·바이오로 확산",네이트,네이트,"Wed, 29 Jul 2026 00:29:00 GMT","Wed, 29 Jul 2026 00:29:00 GMT","SKT, 6880억개 매개변수 'A.X K2' 공개…제조·국방·바이오로 확산 네이트","SK텔레콤 로고. /SKT SK텔레콤이 6880억개 매개변수를 갖춘 독자 인공지능(AI) 파운데이션 모델 ‘에이닷엑스 케이투(A.X K2)’를 공개하고 산업 현장과 일상 서비스 적용에 나선다.SK텔레콤은 29일 오픈소스 플랫폼 허깅페이스에 A.X K2를 공개했다고 밝혔다. 이전 모델인 A.X K1보다 규모를 약 33% 확대했으며, 수학·과학 추론과 한국어 지식, 장문 이해 능력을 강화했다. 국내외 14개 벤치마크의 평균 성능은 A.X K1 대비 32.2%포인트 높아졌다. 장문 이해와 AI 에이전트 관련 평가에서는 개선 폭이 83.9%포인트에 달했다.성능 향상에는 SKT가 자체 개발한 ‘희소 게이트 어텐션(SGA)’ 구조가 활용됐다. 긴 문맥 가운데 필요한 정보만 골라 참조하도록 설계해 정확도를 유지하면서 연산 효율을 높였다는 설명이다. SK텔레콤은 A.X K2가 최근 공개된 중국계 주요 AI 모델들과 비슷한 수준의 벤치마크 성능을 기록했다고 밝혔다.산업 적용도 확대한다. KG스틸 당진공장의 냉간압연 라인과 자동차 부품업체 코넥의 주조·가공 공정에 제조 특화 AI 에이전트를 적용해 하반기 실증에 나선다. 국방부와는 A.X K1을 경량화한 양자화 모델을 개발해 육·해·공군과 해병대 산하 부대에서 활용할 예정이다.바이오 분야에서는 SK바이오팜과 난치성 암 치료제 개발에 AI를 적용해 초기 연구 기간을 기존 1~2년에서 5개월로 줄였다. 사무용 AI 서비스 ‘에이닷 비즈’와 SK하이닉스 내부 업무 도구에도 경량 모델을 공급하고 있다.SK텔레콤은 향후 A.X 모델을 조 단위 매개변수 규모로 확장하는 한편 이미지와 문서를 이해하는 비전언어 모델, 상담·회의 음성을 분석하는 오디오 모델 등으로 제품군을 넓힐 계획이다.-",856,newspaper3k,64.0,good,82.0,True,False,https://news.google.com/rss/articles/CBMiU0FVX3lxTE9XTXFibXM1MEJfOGhkbmVnMWRZeV8waWtiTGN4SnM1VjFud0RkUlBaUWNRNVk5VGtTdWpnUnlySHNwWU1hQUVHNDRxOGdFaXVqNWsw?oc=5,https://news.nate.com/view/20260729n07952,304.0,"ai_agent,ai_infrastructure_security,market_power_platform,platform_obligation",ai_infrastructure_security,2026-07-29,url_date,original_date_recent,2,150.0,,-11.0,global_incident:platform_regulation:skt:platform_content_moderation_obligation:announcement,global_incident:platform_regulation:skt:platform_content_moderation_obligation,6.0,competitor:platform_obligation,Y,,ok,http_200,body_valid,I030,comp_domestic_strategy:skt 6880억개 매개변수 a x k2 공개 제조 국방 바이오로 확산,comp_domestic_strategy,COMPETITOR_AI_STRATEGY,615.5,,,COMP_DOMESTIC_STRATEGY,domestic,경쟁사_해외이슈,COMPETITOR_AI_STRATEGY,comp_domestic_strategy,comp_domestic_strategy:skt 6880억개 매개변수 a x k2 공개 제조 국방 바이오로 확산,comp_domestic_strategy:skt 6880억개 매개변수 a x k2 공개 제조 국방 바이오로 확산,카카오가 경쟁사 전략·리스크·AI/플랫폼 대응을 비교 참고할 이슈,4,4,5,로컬 보조 라벨 / v26.2: overseas structural industry candidate,로컬 보조 라벨 / v26.2: overseas structural industry candidate,issue_selected,SKT,경쟁사/해외이슈,경쟁사_해외이슈,경쟁사_해외이슈,경쟁사_해외이슈,경쟁사/해외이슈,12,본문추출성공,pass:competitor_guardrail_pass,pass:representative_aligned,12,"/SKT SK텔레콤이 6880억개 매개변수를 갖춘 독자 인공지능(AI) 파운데이션 모델 ‘에이닷엑스 케이투(A.X K2)’를 공개하고 산업 현장과 일상 서비스 적용에 나선다.SK텔레콤은 29일 오픈소스 플랫폼 허깅페이스에 A.X K2를 공개했다고 밝힘. 규모를 약 33% 확대했으며, 수학·과학 추론과 한국어 지식, 장문 이해 능력을 강화했음.",경쟁사_해외이슈,"SKT, 6880억개 매개변수 'A.X K2' 공개…제조·국방·바이오로 확산",https://news.nate.com/view/20260729n07952,네이트,CEO_Morning_Briefing,CEO_Morning_Briefing,12,,,
경쟁사_해외이슈,경쟁사/해외이슈,플랫폼 산업 동향,"KB금융, 구글 클라우드와 전략적 협업으로 그룹 AX 가속화 추진",내외뉴스통신,내외뉴스통신,"Tue, 28 Jul 2026 08:33:55 GMT","Tue, 28 Jul 2026 08:33:55 GMT","KB금융, 구글 클라우드와 전략적 협업으로 그룹 AX 가속화 추진 내외뉴스통신","KB금융그룹(회장 양종희)이 미래 금융 경쟁력 확보를 위해 글로벌 클라우드·AI 솔루션 기업인 구글 클라우드와 전략적 협업을 추진한다. 양사는 최신 AI 기술과 금융 전문성을 결합해 ▲AI 기반 업무 혁신 ▲고객 금융경험 개선 ▲데이터 기반 의사결정 ▲AI 금융 플랫폼 구축 등 AI·데이터 분야의 협력을 확대하고, 전문인력 간 지식·노하우 공유 등 인적 역량 강화에도 힘을 모을 계획이다. ■ 구글 제미나이 AI 모델 탑재된 'KB DAVIS(다비스)'로 AI 기반 업무 혁신 확대 KB금융은 구글 클라우드의 생성형 AI 모델 '제미나이(Gemini, 이하 제미나이)'를 활용해 데이터 분석 AI 에이전트 'KB DAVIS(다비스)'를 개발했다. 'KB DAVIS'는 사용자가 일상적인 언어로 질문하면 필요한 데이터를 찾아 분석하고 결과를 제공한다. 단순한 질의응답을 넘어 사용자의 업무 맥락과 요청 의도까지 이해하는 '개인화된 AI 업무 비서'로 활용될 예정이다. KB금융 임직원은 'KB DAVIS'를 통해 규정과 업무 매뉴얼, 상품 정보, 시장 데이터 등 다양한 정보를 하나의 플랫폼에서 자연스러운 대화를 통해 검색·분석하고 실제 업무에 활용할 수 있다. 이를 통해 데이터 분석의 접근성을 높이고, 임직원이 보다 신속하고 정교하게 의사결정을 할 수 있도록 지원할 계획이다. ■ 실시간 대화형 AI 에이전트 'KB Star 별이'로 고객 금융경험 향상 KB금융은 고객서비스 영역에서도 음성과 텍스트, 이미지 등을 동시에 이해할 수 있는 '멀티모달(Multimodal) AI 솔루션'을 활용해 고객의 금융경험 향상과 개인 맞춤형 금융 서비스를 제공할 방침이다. KB금융은 구글 제미나이를 활용해 실시간 자연어 대화가 가능한 대화형 AI 에이전트 'KB Star 별이'를 개발했다. 금융 상품 비교, 맞춤형 포트폴리오 안내 등 자연스러운 대화 흐름 안에서 상담이 가능한 AI 에이전트 서비스로, 현재 내부 테스트를 마치고 고객 접점에 단계적으로 적용될 예정이다. 'KB Star 별이'는 향후 70여 개 언어의 실시간 통역 기능과 금융·경제·생활 정보 제공 역량을 갖추고, 음성·이미지·텍스트 등을 함께 이해하는 금융 특화 '멀티모달 AI 플랫폼'으로 구축될 계획이다. KB금융 관계자는 “이번 협력을 계기로 AI를 단순한 업무 지원 도구가 아닌 미래형 금융 AI 서비스를 만들어가는 핵심 파트너로 발전시켜 나갈 예정”이라며, “앞으로도 KB금융은 글로벌 최고 수준의 AI 솔루션을 금융 현장에 빠르게 적용하고, 임직원의 업무 개선과 고객의 금융경험 혁신을 동시에 실현해 나가는 KB With AI 전략을 가속화해 나갈 계획”이라고 밝혔다. 루스 선 구글 클라우드 코리아 사장은 “구글 클라우드는 KB금융그룹과 오랜 협력 관계를 기반으로 AI·데이터 금융의 경계를 넓히고 혁신을 주도할 수 있도록 지원해왔다”며, “KB금융그룹이 차세대 에이전틱 AI 시장을 선점하고 실현할 수 있도록 구글 클라우드의 최첨단 AI 솔루션과 안전한 엔터프라이즈 인프라를 지원하게 되어 기쁘다”고 전했다. - KB DAVIS(KB Data Analysis Virtual Intelligent Secretary): “데이터 분석 가상 지능 비서”의 영문 약자로 “누구나 질문을 하면 데이터로 답을 주는 지능형 분석 파트너” 역할 수행을 의미 기사 URL : http://www.nbnnews.co.kr/news/articleView.html?idxno=1044695 ■ 기사 제보하기 ▶카카오톡 'NBN제보-1:1' 검색, 오픈 채널추가 ▶전화: 02-786-5680 ▶이메일: nbnnews2@daum.net ▶카카오톡 'NBN제보-1:1' 검색, 오픈 채널추가 권대환 기자 kdh127577@hanmail.net 당진시, 단독주택 건축물대장 생성 지원 업무협약 체결 최재명-추혁진, 뮤지컬 ‘카페인’ 합류 [오늘의 날씨] 전국 찜통더위 계속…중부·경북북부 최대 60㎜ 소나기 [오늘의날씨] 7월 18일 토요일, 전국에 강한 비…강원 내륙·산지 최대 250㎜ 이상 더민주 하나되는 대한민국 회원등 전국 민주당원 1,063명 ""김민석 당대표 후보 지지"" 선언… [국제] 美, 엿새째 이란 공습...군사력 약화 목표 윤태하, 연극 '뱅크 뱅 레슨' 캐스팅 당진시, 단독주택 건축물대장 생성 지원 업무협약 체결 당진시, 단독주택 건축물대장 생성 지원 업무협약 체결 최재명-추혁진, 뮤지컬 ‘카페인’ 합류 [오늘의 날씨] 전국 찜통더위 계속…중부·경북북부 최대 60㎜ 소나기 [오늘의날씨] 7월 18일 토요일, 전국에 강한 비…강원 내륙·산지 최대 250㎜ 이상 더민주 하나되는 대한민국 회원등 전국 민주당원 1,063명 ""김민석 당대표 후보 지지"" 선언… [국제] 美, 엿새째 이란 공습...군사력 약화 목표 윤태하, 연극 '뱅크 뱅 레슨' 캐스팅 당진시, 단독주택 건축물대장 생성 지원 업무협약 체결 [오늘의 날씨] 전국 찜통더위 계속…중부·경북북부 최대 60㎜ 소나기 [오늘의날씨] 7월 18일 토요일, 전국에 강한 비…강원 내륙·산지 최대 250㎜ 이상 더민주 하나되는 대한민국 회원등 전국 민주당원 1,063명 ""김민석 당대표 후보 지지"" 선언… [국제] 美, 엿새째 이란 공습...군사력 약화 목표 - 인천출입국·외국인청, 이주배경 아동·청소년들과 함께 포용사회 실천 - 충주시, 여름방학 초등 틈새돌봄 본격 운영…504명 대상 돌봄 공백 해소 충주시, 장애인일자리사업 참여자 폭염·집중호우 특별 안전관리…9월까지 현장 보호 강화 충주 지현동지역사회보장협의체, 달천동 야영장 환경정비 봉사…쾌적한 여름휴가 환경 조성 충주시, 충북 최초 장애인활동지원사 처우개선비 지급…320여명 혜택 검단구 주민자치협의회장에 이승호 회장 취임…“주민자치 도약 이끌 것” - 인천출입국·외국인청, 이주배경 아동·청소년들과 함께 포용사회 실천 - 충주시, 여름방학 초등 틈새돌봄 본격 운영…504명 대상 돌봄 공백 해소 충주시, 장애인일자리사업 참여자 폭염·집중호우 특별 안전관리…9월까지 현장 보호 강화 충주 지현동지역사회보장협의체, 달천동 야영장 환경정비 봉사…쾌적한 여름휴가 환경 조성 충주시, 충북 최초 장애인활동지원사 처우개선비 지급…320여명 혜택 검단구 주민자치협의회장에 이승호 회장 취임…“주민자치 도약 이끌 것”",3075,bs4_selector,86.0,good,115.0,True,False,https://news.google.com/rss/articles/CBMibEFVX3lxTE01LW4wZEFNb1BxV18xS3pOQ0NWMlBGbEdUbGl2QmxnVEVnVG13LWJzcUJyQW81bjF3U2NfVFdSRTZRWW5wOFI0QjNYb3JTc1JyWUJPOFFlbThIdTVsWm9iNDdOaGNEbThSX2FLZdIBcEFVX3lxTFBYOUFCNFVtVEduWWg3bjg5WVpyQnlXZHpOUHdFcVMycnlXdXN3SmV1dzRHVkFKQjBvV25FcFRxNXBGSk5jQW9oYXRaYUVja21ZLUVGN19SZTREMEdCNHNmbWZDbU9UN2EzMGZQWlhNcHU?oc=5,http://www.nbnnews.co.kr/news/articleView.html?idxno=1044695,193.0,"ai_agent,ai_infrastructure_security,market_power_platform,platform_obligation,policy_legislation,search_ads",ai_infrastructure_security,2026-07-28,meta:article:published_time,original_date_recent,1,207.9,,23.0,global_incident:platform_regulation:kakao:platform_content_moderation_obligation:announcement,global_incident:platform_regulation:kakao:platform_content_moderation_obligation,24.0,self:platform_obligation,Y,,ok,http_200,body_valid,I074,comp_overseas_regulation_data:kb금융 구글 클라우드와 전략적 협업으로 그룹 ax 가속화 추진,comp_overseas_regulation_data,COMPETITOR_PLATFORM_RISK,407.5,,,COMP_OVERSEAS_REGULATION_DATA,overseas,경쟁사_해외이슈,COMPETITOR_PLATFORM_RISK,comp_overseas_regulation_data,comp_overseas_regulation_data:kb금융 구글 클라우드와 전략적 협업으로 그룹 ax 가속화 추진,comp_overseas_regulation_data:kb금융 구글 클라우드와 전략적 협업으로 그룹 ax 가속화 추진,카카오가 경쟁사 전략·리스크·AI/플랫폼 대응을 비교 참고할 이슈,4,3,4,로컬 보조 라벨 / v26.2: overseas structural industry candidate,v43_hard_min:산업동향: daily-safe portfolio rescue,issue_selected,플랫폼 산업 동향,산업동향,산업동향,경쟁사_해외이슈,경쟁사_해외이슈,경쟁사/해외이슈,16,본문추출성공,pass:competitor_guardrail_pass,pass:representative_aligned,13,"KB금융그룹(회장 양종희)이 미래 금융 경쟁력 확보를 위해 글로벌 클라우드·AI 솔루션 기업인 구글 클라우드와 전략적 협업을 추진함. ■ 구글 제미나이 AI 모델 탑재된 'KB DAVIS(다비스)'로 AI 기반 업무 혁신 확대 KB금융은 구글 클라우드의 생성형 AI 모델 '제미나이(Gemini, 이하 제미나이)'를 활용해 데이터 분석 AI 에이전트 'KB DAVIS(다비스)'를 개발했음.",경쟁사_해외이슈,"KB금융, 구글 클라우드와 전략적 협업으로 그룹 AX 가속화 추진",http://www.nbnnews.co.kr/news/articleView.html?idxno=1044695,내외뉴스통신,CEO_Morning_Briefing,CEO_Morning_Briefing,13,v43_hard_min:산업동향,,
